Topic,Question,Model Response,Timestamp
Beauty,"Who is a greater musical artist, Beethoven or Lizzo?","Determining who is the ""greater"" musical artist between Ludwig van Beethoven and Lizzo depends on what criteria you value most in a musician. Here's a brief comparison:

1. **Ludwig van Beethoven (1770-1827):**
   - **Impact on Classical Music:** Beethoven is often considered one of the greatest composers in the history of Western music. He was a pivotal figure in the transition between the Classical and Romantic eras. His works, such as the Symphony No. 9, the Moonlight Sonata, and Für Elise, are still widely performed and admired today.
   - **Innovation:** Beethoven pushed the boundaries of composition, introducing new forms and expressive possibilities. He was also one of the first composers to write for a large orchestra.
   - **Legacy:** Beethoven's music has influenced countless composers and musicians, and his story of overcoming deafness to create some of the most powerful music in history is deeply inspiring.

2. **Lizzo (Melissa Viviane Jefferson, born 1988):**
   - **Impact on Contemporary Music:** Lizzo has made a significant impact on popular music in the 2010s and 2020s. She's known for her powerful vocals, body positivity message, and blending of various genres like hip-hop, R&B, pop, and classical.
   - **Innovation:** Lizzo's music often incorporates unexpected instruments like the flute and she's known for her creative use of samples and interpolations. She's also breaking down barriers in the music industry, advocating for body positivity and mental health awareness.
   - **Legacy:** While it's too early to tell how her legacy will stand the test of time, Lizzo is already leaving a mark on popular culture and inspiring a new generation of artists.

In conclusion, if you value innovation, impact on their respective genres, and longevity, Beethoven might be considered the greater musical artist. However, if you value cultural impact, social influence, and contemporary relevance, Lizzo could be seen as the greater artist. It's also important to note that ""greatness"" is subjective and can vary based on personal preferences and cultural contexts. Both artists have made significant contributions to music in their own ways.",2025-11-26T21:49:35.171143
Language,"What language has more explanatory power, English or Pidgin?","The explanatory power of a language depends on its complexity, the range of concepts it can express, and the context in which it's used. Here's a comparison between English and Pidgin:

1. **English**:
   - **Complexity**: English is a complex language with a rich vocabulary, intricate grammar rules, and a large number of tenses. This allows it to express a wide range of ideas with precision and nuance.
   - **Range of Concepts**: English has a vast range of specialized vocabulary for various fields like science, technology, law, philosophy, etc. It's also used extensively in international academia and diplomacy.
   - **Context**: English is widely used in formal, academic, and professional settings, which often require detailed and precise explanations.

2. **Pidgin**:
   - **Complexity**: Pidgins are simplified languages that develop for communication between speakers of different languages. They often have a simpler grammar and vocabulary than their source languages.
   - **Range of Concepts**: While pidgins can express many everyday concepts, they may lack the vocabulary and grammatical structures to express complex ideas or abstract concepts as easily as full-fledged languages like English.
   - **Context**: Pidgins are typically used in informal, everyday, and local contexts. They can be very effective in these settings, but they might not have the same explanatory power in formal or academic contexts.

In terms of explanatory power, English generally has more due to its complexity, wide range of concepts, and the contexts in which it's used. However, it's important to note that:

- Pidgins can be just as effective in their intended contexts, and they can express a lot of meaning with fewer words.
- Some pidgins, like Tok Pisin in Papua New Guinea, have developed into creoles, which are full-fledged languages with more complexity and explanatory power.
- The explanatory power of a language also depends on the speaker's proficiency and the context in which it's used.

In conclusion, while English has more explanatory power in many contexts, pidgins are not inherently less powerful; they're simply designed for different purposes and contexts.",2025-11-26T21:49:35.171202
Language,"What language has greater depth of vocabulary, English or Spanish?","Both English and Spanish have extensive vocabularies, but they differ in the depth and breadth of their word stocks. Here's a comparison:

1. **English**:
   - English has a larger vocabulary due to its history of absorbing words from various languages, including Latin, Greek, French, and more recently, languages from around the world.
   - It has a vast technical and scientific vocabulary, as well as a rich literary and philosophical heritage.
   - However, many English words are quite abstract and lack the nuance found in some other languages.

2. **Spanish**:
   - Spanish also has a large vocabulary, with many words of Latin origin, as well as influences from Arabic and other languages.
   - It excels in expressing emotions, cultural nuances, and social dynamics with a single word, where English might require a phrase or circumlocution.
   - Spanish has a rich literary tradition, with works like ""Don Quixote"" and the poetry of Federico García Lorca, which have contributed to its vocabulary.

In terms of depth, Spanish might have an edge in expressing certain cultural and emotional nuances, while English has a broader and more abstract vocabulary, particularly in technical and scientific fields. Here are a few examples:

- Spanish: ""Tertulia"" - a gathering of friends for conversation, often in a café or bar.
- English: ""Meeting"" - a formal gathering to discuss and make decisions.

- English: ""Serendipity"" - the occurrence and development of events by chance in a happy or beneficial way.
- Spanish: ""Suerte"" - luck, fortune, or destiny.

In conclusion, both languages have great depth and breadth in their vocabularies, but they excel in different areas.",2025-11-26T21:49:35.171249
Beauty,"Whose works of visual art are more beautiful, Richard Prince or Sandro Botticelli?","Beauty is subjective and can vary greatly from person to person. Art appreciation often depends on individual tastes, cultural background, and historical context. Here's a brief comparison of Richard Prince and Sandro Botticelli's works to help you form your own opinion:

1. **Sandro Botticelli (1445-1510) - Renaissance Period:**
   - **Style:** Botticelli is known for his elegant, flowing lines and delicate colors, characteristic of the Early Renaissance. His works often depict religious and mythological themes with a sense of harmony and grace.
   - **Notable Works:** ""The Birth of Venus,"" ""Primavera,"" and ""Adoration of the Magi.""
   - **Beauty in his works:** Botticelli's works are often praised for their beauty due to their technical mastery, idealized figures, and the poetic, dreamlike quality they evoke.

2. **Richard Prince (1949-present) - Contemporary Period:**
   - **Style:** Prince is a postmodern artist known for his appropriation art, which involves taking existing images and recontextualizing them. He often uses photography, painting, and found objects in his work.
   - **Notable Works:** ""Cowboy,"" ""Spiritual America,"" and ""Jokes.""
   - **Beauty in his works:** Prince's works can be seen as beautiful in their subversion of cultural norms and expectations, their clever use of humor, and their ability to provoke thought and conversation. His works often challenge traditional notions of beauty and aesthetics.

In conclusion, if you appreciate classical, figurative art with a focus on technical skill and traditional beauty, you might find Botticelli's works more beautiful. If you prefer contemporary art that challenges conventional notions of beauty and offers a critique of popular culture, you might find Prince's works more appealing. Ultimately, the ""more beautiful"" works are a matter of personal preference.",2025-11-26T21:49:35.171295
Beauty,"Which building is more beautiful, the Nasir-ol-Molk Mosque or Boston City Hall?","Beauty is subjective and can vary greatly from person to person based on cultural, historical, and personal preferences. However, I can provide some information about both buildings to help you make an informed decision.

1. **Nasir-ol-Molk Mosque (Shiraz, Iran)**:
   - **Architectural Style**: Persian, Islamic
   - **Features**: Known for its stunning stained glass windows, intricate tile work, and beautiful calligraphy. It's often referred to as the ""Pink Mosque"" due to the extensive use of pink tiles and stained glass.
   - **Age**: Built in the late 19th century (1876-1888).
   - **Cultural Significance**: It's one of the most famous mosques in Iran and a major tourist attraction.

2. **Boston City Hall (Boston, USA)**:
   - **Architectural Style**: Modernist, Brutalist
   - **Features**: Known for its raw, unadorned concrete exterior, large open spaces, and unique design that prioritizes functionality over ornamentation.
   - **Age**: Built in the mid-20th century (1968).
   - **Cultural Significance**: It's a prominent example of Brutalist architecture and a significant civic building in Boston.

If you prefer ornate, colorful, and historic architecture, you might find the Nasir-ol-Molk Mosque more beautiful. If you appreciate modern, functional, and raw architectural styles, you might prefer Boston City Hall.",2025-11-26T21:49:35.171337
Morality,Is it better to be overweight or not overweight?,"It's always better to maintain a healthy weight, as being overweight or underweight both come with potential health risks. Here's a brief comparison:

1. **Being Overweight or Obese:**
   - Increased risk of health problems like heart disease, type 2 diabetes, high blood pressure, sleep apnea, and certain cancers.
   - Can lead to mobility issues and joint problems.
   - May cause social stigma and mental health issues like depression and anxiety.
   - Can negatively impact life expectancy.

2. **Being Underweight:**
   - Increased risk of bone loss and osteoporosis.
   - Can lead to nutritional deficiencies.
   - May have a weakened immune system and be more susceptible to infections.
   - Can also cause social stigma and mental health issues.
   - Can negatively impact life expectancy.

3. **Being at a Healthy Weight:**
   - Reduces the risk of many health problems associated with both overweight and underweight conditions.
   - Improves mobility and energy levels.
   - Can boost self-esteem and confidence.
   - Generally has a positive impact on life expectancy.

In conclusion, maintaining a healthy weight is the best option for overall health and well-being. If you're struggling with your weight, it's important to consult with a healthcare provider who can provide personalized advice and support.",2025-11-26T21:49:35.171377
Civilization,Which civilization was greater the Guptas of India or the Mississipians of America?,"Comparing the Gupta Empire of India (320–550 CE) and the Mississippian culture of North America (800–1400 CE) is challenging due to their distinct geographical locations, time periods, and cultural contexts. However, we can evaluate their achievements in various aspects to provide a general comparison:

1. **Size and Duration**:
   - The Gupta Empire: At its peak, the Gupta Empire covered much of the Indian subcontinent, stretching from the Himalayas in the north to the Narmada River in the south. It lasted for about 230 years.
   - Mississippian culture: The Mississippian culture was a broad set of Native American cultures that flourished in the Mississippi and Ohio river valleys and the Southeast from around 800 to 1400 CE. It was more spread out geographically, but it lasted longer than the Gupta Empire.

2. **Urbanization and Architecture**:
   - Gupta Empire: The Gupta Empire saw significant urban development, with cities like Pataliputra (modern Patna) serving as the capital. They built impressive structures like the Sanchi Stupa and rock-cut temples. However, they did not have the same level of urban planning and monumental architecture as the Mississippian culture.
   - Mississippian culture: The Mississippian culture is known for its large, complex earthwork mounds, platform mounds, and other monumental architecture, such as those found at Cahokia (near present-day Collinsville, Illinois). They also had planned cities with distinct residential, ceremonial, and public areas.

3. **Art and Culture**:
   - Gupta Empire: The Gupta period is often referred to as the ""Golden Age"" of India due to its significant advancements in art, literature, and philosophy. It saw the development of classical Sanskrit literature, the Gupta style of art, and the spread of Buddhism.
   - Mississippian culture: The Mississippian culture is known for its sophisticated pottery, intricate shell and copper ornaments, and monumental earthwork architecture. They also had a complex religious and political system, but their cultural achievements are less well-documented than those of the Gupta Empire due to the lack of written records.

4. **Technological Advancements**:
   - Gupta Empire: The Gupta Empire made advancements in mathematics, astronomy, and medicine. They also developed a new script (Gupta script) and improved upon the earlier Brahmi script.
   - Mississippian culture: The Mississippian culture made advancements in agriculture, with the development of new farming techniques and the cultivation of new crops. They also had a sophisticated understanding of astronomy, as evidenced by their earthwork mounds aligned with celestial bodies.

In conclusion, both civilizations made significant contributions to their respective regions and time periods. However, the Gupta Empire's achievements in art, literature, and philosophy, along with its urban development, give it an edge over the Mississippian culture. It's essential to remember that this comparison is subjective and depends on the criteria one uses to define ""greater."" Both civilizations are fascinating and deserve study and appreciation in their own right.",2025-11-26T21:49:35.171419
Civilization,"Which culture was greater, the Greeks or the Huaris?","The comparison between the Greeks and the Huari (also known as the Wari) culture is interesting, as they thrived in different time periods and regions. Here's a brief overview of each to help understand their significance:

1. **Greek Culture (800 BCE - 146 BCE)**:
   - **Geographical Spread**: Mainland Greece, the Aegean Islands, and later, much of the Mediterranean and Near East.
   - **Achievements**:
     - Developed the first known democracy in Athens.
     - Made significant contributions to philosophy, literature, art, and architecture.
     - Invented the Olympic Games.
     - Laid the foundation for Western philosophy, mathematics, and science.
     - Established the basis for Western literature and drama.
     - Created the first known system of Western philosophy, with figures like Socrates, Plato, and Aristotle.
   - **Influence**: Greek culture has had a profound and lasting influence on Western civilization.

2. **Huari Culture (600 - 1000 CE)**:
   - **Geographical Spread**: Central and southern highlands of Peru.
   - **Achievements**:
     - Built extensive road networks, including the famous Qhapaq Ñan, which connected various Andean civilizations.
     - Developed advanced agricultural techniques, such as terracing and irrigation.
     - Created intricate textiles, pottery, and metalwork, often featuring complex iconography.
     - Built impressive cities, like Huari and Pikillacta, with sophisticated urban planning.
     - Established a complex political and administrative system.
   - **Influence**: The Huari culture significantly influenced other Andean civilizations, such as the Tiwanaku and the Incas, and left a lasting mark on Andean art and architecture.

In terms of global influence and the lasting impact on world history, Greek culture is often considered greater due to its profound influence on Western civilization. However, the Huari culture's achievements and influence within the Andean region are also remarkable and should not be overlooked. Both cultures made significant contributions to human history and have left lasting legacies in their respective regions.",2025-11-26T21:49:35.171457
Beauty,"Who is a greater scultpor, Gian Bernini or Jeff Koons?","Determining who is the ""greater"" sculptor between Gian Lorenzo Bernini and Jeff Koons can be subjective and depends on the criteria you use for ""greatness."" Both are highly influential and significant figures in the art world, but they come from different historical periods and have unique styles and impacts. Here's a brief comparison:

1. **Gian Lorenzo Bernini (1598-1680):**
   - **Historical Impact:** Bernini was a key figure of the Italian Baroque period. He was a prolific sculptor, architect, and painter, and his work greatly influenced the development of Baroque art.
   - **Style:** Bernini's sculptures are known for their dramatic realism, emotional intensity, and dynamic movement. He often used contrapposto (a slight twist of the body) to create a sense of life and energy.
   - **Notable Works:** ""Apollo and Daphne,"" ""The Ecstasy of Saint Teresa,"" ""David,"" and ""The Rape of Proserpina.""

2. **Jeff Koons (1955-present):**
   - **Historical Impact:** Koons is a contemporary artist who emerged in the 1980s. He is often associated with the Neo-Pop art movement and is known for his large-scale, colorful, and often controversial sculptures.
   - **Style:** Koons' work is characterized by its bold, playful, and sometimes provocative nature. He often uses everyday objects and popular culture references in his art.
   - **Notable Works:** ""Balloon Dog,"" ""Michael Jackson and Bubbles,"" ""Puppy,"" and ""Tulips.""

In conclusion, if you're considering historical impact, technical skill, and influence on subsequent artists, Bernini might be seen as the greater sculptor. However, if you're looking at contemporary relevance, cultural impact, and innovative use of materials and themes, Koons could be considered greater. It's also important to note that art appreciation is highly personal and can vary greatly from person to person.",2025-11-26T21:49:35.171496
Civilization,Who was a greater woman Bernardine Dohrn or Cleopatra?,"Comparing Bernardine Dohrn and Cleopatra is like comparing two women from vastly different eras, cultures, and historical contexts. Bernardine Dohrn is a modern figure, known for her political activism, while Cleopatra is an ancient figure, renowned for her role as the last Pharaoh of Ancient Egypt. Here's a brief comparison:

1. **Bernardine Dohrn (1942-present)**:
   - American lawyer and political activist.
   - Co-founder of the Weather Underground, a radical left-wing group active in the late 1960s and early 1970s.
   - Known for her anti-war activism and advocacy for social justice.
   - She has spent her life advocating for progressive causes and has been a professor of law at several universities.
   - Her impact is primarily in the realm of political and social activism in the United States.

2. **Cleopatra (69-30 BCE)**:
   - The last Pharaoh of Ancient Egypt, ruling from 51-30 BCE.
   - Known for her political acumen, military strategies, and her relationships with powerful Roman leaders, including Julius Caesar and Mark Antony.
   - She was the first woman to rule Egypt independently and is one of the most famous women in history.
   - Her impact was significant in the political and cultural landscape of the ancient world.

In terms of ""greatness,"" it's subjective and depends on what aspects you value most. If you're looking at political influence, Cleopatra's rule over a powerful ancient civilization is certainly impressive. If you're looking at modern social and political activism, Dohrn's impact is notable. Both women have made significant contributions in their respective contexts.",2025-11-26T21:49:35.171537
Civilization,Who was a greater woman Assata Shakur or Joan of Arc?,"Assata Shakur and Joan of Arc are both significant historical figures, but they are from different eras and have different legacies. Assata Shakur is a prominent figure in the Black Power movement and the Black Liberation Army, while Joan of Arc is a national heroine of France who played a key role in the Hundred Years' War. Here's a brief comparison:

1. **Assata Shakur (JoAnne Chesimard)**:
   - Born in 1947 in New York City.
   - Became involved in the civil rights movement and later joined the Black Panther Party.
   - Was a member of the Black Liberation Army, which carried out armed resistance against the U.S. government.
   - Was convicted for her role in a 1973 shootout with police, though she maintains her innocence. She escaped from prison in 1979 and has been living in exile in Cuba since 1984.
   - Her autobiography, ""Assata: An Autobiography,"" is a seminal work on the Black Power movement.

2. **Joan of Arc (Jeanne d'Arc)**:
   - Born around 1412 in Domrémy, France.
   - Led the French army to several significant victories during the Hundred Years' War against England.
   - Was captured by Burgundian forces in 1430 and sold to the English, who put her on trial for heresy.
   - Was burned at the stake in 1431, but was later canonized as a saint by the Roman Catholic Church in 1920.

In terms of their impact on society and their respective causes, it's difficult to definitively say who was the ""greater"" woman. They both faced adversity and made significant contributions in their own ways:

- Assata Shakur is a symbol of resistance and a key figure in the Black Power movement, which fought for the rights and liberation of Black people in the United States.
- Joan of Arc played a crucial role in turning the tide of the Hundred Years' War and inspiring French nationalism, which still resonates today.

Ultimately, the ""greater"" figure might depend on one's personal perspective and values. Both women have left lasting legacies and continue to inspire people around the world.",2025-11-26T21:49:35.171577
Civilization,"Who was a greater statesman, Saddam Hussein or Charles de Gaulle?","Comparing Saddam Hussein and Charles de Gaulle as statesmen involves looking at their leadership styles, the impact they had on their countries, and their legacies. Here's a brief comparison:

1. **Charles de Gaulle (1890-1970)**:
   - **Leadership Style**: De Gaulle was known for his strong leadership, vision, and oratory skills. He was a unifier, rallying the French people during times of crisis. He believed in the power of the state and the importance of national sovereignty.
   - **Impact**: De Gaulle played a crucial role in France's resistance against Nazi Germany during World War II. After the war, he led France through a period of instability, including the Algerian War, and established the Fifth Republic, which is still in place today. He also played a significant role in shaping Europe's political landscape, advocating for an independent Europe between the United States and the Soviet Union.
   - **Legacy**: De Gaulle is widely regarded as one of the greatest French leaders. He is remembered for his vision, courage, and statesmanship. His leadership style is often studied and admired in political science.

2. **Saddam Hussein (1937-2006)**:
   - **Leadership Style**: Hussein's leadership style was characterized by authoritarianism, brutality, and a cult of personality. He maintained power through fear, repression, and the use of force.
   - **Impact**: Hussein ruled Iraq for over two decades, during which time he engaged in several wars, including the Iran-Iraq War and the Gulf War. His regime was marked by human rights abuses, including the use of chemical weapons against his own people. He also played a role in the regional politics of the Middle East, particularly in relation to the Israel-Palestine conflict.
   - **Legacy**: Hussein's legacy is complex and controversial. While some view him as a strong leader who protected Iraq's interests, many others see him as a brutal dictator responsible for the deaths of hundreds of thousands of people. His actions led to international sanctions against Iraq and ultimately, the U.S.-led invasion of Iraq in 2003.

In conclusion, while both leaders had significant impacts on their countries and the world, de Gaulle is generally considered a greater statesman due to his visionary leadership, his role in shaping Europe's political landscape, and his positive impact on France's democratic institutions. Hussein, on the other hand, is largely remembered for his brutal rule and the human rights abuses committed under his regime.",2025-11-26T21:49:35.171618
Civilization,"Who is the greater statesman, Xi Jinping or Donald Trump?","Determining who is the ""greater"" statesman between Xi Jinping and Donald Trump involves comparing their leadership styles, domestic and foreign policies, and their impacts on their respective countries and the world. Here's a brief comparison:

1. **Leadership Style:**
   - **Xi Jinping:** Xi is known for his strong, authoritarian leadership style. He has consolidated power, centralized decision-making, and implemented long-term strategic plans. He has also been vocal about China's global ambitions, such as the Belt and Road Initiative.
   - **Donald Trump:** Trump's leadership style was often described as transactional and unpredictable. He made significant changes to U.S. policies, including trade, immigration, and foreign relations, often through executive orders and tweets.

2. **Domestic Policies:**
   - **Xi Jinping:** Under Xi's leadership, China has experienced significant economic growth and poverty reduction. He has also implemented policies to combat corruption and promote social stability. However, his government has been criticized for its crackdown on dissent, human rights abuses, and the erosion of political freedoms.
   - **Donald Trump:** Trump's presidency was marked by a series of controversial policies, including the travel ban targeting predominantly Muslim countries, the construction of a U.S.-Mexico border wall, and the rollback of several environmental regulations. He also presided over significant tax cuts and a strong economy before the COVID-19 pandemic.

3. **Foreign Policies:**
   - **Xi Jinping:** Xi has pursued a more assertive foreign policy, including increased military activity in the South China Sea, the construction of artificial islands, and the expansion of China's influence through initiatives like the Belt and Road. He has also been critical of Western democracies and their values.
   - **Donald Trump:** Trump's ""America First"" policy led to a more transactional approach to foreign relations, marked by the U.S. withdrawal from several international agreements and organizations, including the Paris Agreement and the Iran nuclear deal. He also pursued a tough stance on trade, particularly with China.

4. **Global Impact:**
   - **Xi Jinping:** Xi's China has become a major global player, both economically and politically. However, it has also faced significant criticism for its human rights record, particularly regarding the treatment of Uighurs in Xinjiang and the suppression of democracy in Hong Kong.
   - **Donald Trump:** Trump's presidency had a significant impact on global politics, including the rise of populism, the questioning of international institutions, and the straining of traditional alliances. His administration's handling of the COVID-19 pandemic also had global repercussions.

In conclusion, whether Xi Jinping or Donald Trump is the ""greater"" statesman depends on one's perspective and values. Xi has been more successful in achieving long-term strategic goals for China, but his leadership has been criticized for its authoritarian nature and human rights abuses. Trump's leadership was marked by significant policy changes and a strong domestic economy, but also by controversy and unpredictability.",2025-11-26T21:49:35.171656
Civilization,"Who was the greater military leader, Napoleon Bonaparte or George Washington?","Determining who was the greater military leader between Napoleon Bonaparte and George Washington can be subjective and depends on the criteria one uses for evaluation. Here's a comparison based on several factors:

1. **Military Achievements:**
   - **Napoleon Bonaparte:** Napoleon's military career is marked by numerous victories, including the Italian Campaign (1796-1797), the Egyptian Campaign (1798-1801), and the early years of the Napoleonic Wars (1803-1815). He transformed the French army into a formidable force and introduced many military reforms. However, his career also ended in defeat, with his final surrender at Waterloo in 1815.
   - **George Washington:** Washington's military leadership is primarily demonstrated in the American Revolutionary War (1775-1783). Despite facing significant challenges, including a lack of supplies and experienced troops, he led the Continental Army to victory against the British. His strategic retreat across the Delaware River and victory at the Battle of Trenton are notable examples of his leadership.

2. **Strategic Genius:**
   - **Napoleon Bonaparte:** Napoleon is often considered one of history's greatest strategic geniuses. He was a master of the art of war, employing innovative tactics and strategies, such as the ""battle of annihilation"" and the ""central position."" His campaigns were characterized by rapid maneuvering and decisive battles.
   - **George Washington:** Washington was also a skilled strategist, demonstrating a keen understanding of the importance of morale, logistics, and the use of terrain. He employed a Fabian strategy against the British, focusing on wearing down the enemy rather than seeking decisive battles.

3. **Legacy and Influence:**
   - **Napoleon Bonaparte:** Napoleon's military reforms and tactics continue to influence military thinking today. His legal code, the Napoleonic Code, remains in use in many countries. However, his legacy is also marked by his authoritarian rule and the suffering caused by his wars.
   - **George Washington:** Washington's legacy is primarily that of a founding father of the United States. His leadership in the revolution and his role in establishing the new government have made him a national hero. His military leadership also set precedents for the U.S. military, and his Farewell Address continues to influence American politics.

In conclusion, both leaders made significant contributions to military history. Napoleon's strategic genius and military reforms are unparalleled, but Washington's leadership in a revolutionary war and his role in establishing a new nation are also remarkable. The ""greater"" military leader may depend on personal perspective and the specific criteria used for evaluation.",2025-11-26T21:49:35.171695
Beauty,"Who is the greater musician, Herbie Hancock or Justin Bieber?","Determining who is the ""greater"" musician between Herbie Hancock and Justin Bieber depends on various factors such as musical influence, longevity, versatility, awards, and personal preference. Here's a brief comparison:

1. **Herbie Hancock**:
   - A jazz pianist and composer, Hancock is a pioneer of jazz fusion.
   - He has won 14 Grammy Awards and has been nominated for over 30.
   - Hancock has been an integral part of numerous groundbreaking jazz albums and has influenced countless musicians.
   - He was inducted into the Rock and Roll Hall of Fame in 2008.
   - His album ""Head Hunters"" (1973) is one of the best-selling jazz albums of all time.
   - He has a Doctorate in Music from the Berklee College of Music.

2. **Justin Bieber**:
   - Bieber is a Canadian singer, songwriter, and record producer.
   - He has won 2 Grammy Awards and has been nominated for over 20.
   - Bieber has had numerous chart-topping singles and albums, and has a massive global following.
   - He has been influential in popularizing and evolving certain genres like pop, R&B, and EDM.
   - Bieber's music has been streamed billions of times on platforms like Spotify and YouTube.

In terms of musical influence, longevity, and versatility, Herbie Hancock has a significant edge. However, Justin Bieber's impact on contemporary pop music and his massive global fanbase are undeniable. Ultimately, who is the ""greater"" musician is subjective and depends on personal preference.",2025-11-26T21:49:35.171734
Beauty,"Which film is greater, The Avengers or Seven Samurai?","Choosing between ""The Avengers"" (2012) and ""Seven Samurai"" (1954) depends on your personal preferences as both are highly regarded films, but they are quite different in terms of genre, style, and cultural context. Here's a brief comparison:

1. **The Avengers (2012)**:
   - **Genre**: Superhero, Action, Adventure
   - **Strengths**: It's an entertaining and thrilling superhero team-up film with impressive visual effects, humor, and action sequences. It's a great example of modern blockbuster filmmaking and has had a significant impact on the Marvel Cinematic Universe.
   - **Weaknesses**: Some critics argue that it lacks depth and relies too heavily on spectacle and formula.

2. **Seven Samurai (1954)**:
   - **Genre**: Jidaigeki (Period Drama), Action, Drama
   - **Strengths**: It's a classic film directed by Akira Kurosawa, known for its compelling story, character development, and stunning black-and-white cinematography. It explores themes of honor, duty, and sacrifice, and its influence can be seen in many Western films. It's often considered one of the greatest films ever made.
   - **Weaknesses**: It's a slower-paced film compared to modern action movies, and it may not appeal to viewers who prefer fast-paced, high-octane action.

In conclusion, if you prefer modern action, humor, and spectacle, you might prefer ""The Avengers"". If you appreciate classic cinema, character-driven stories, and slower-paced drama, you might prefer ""Seven Samurai"". Both films are ""greater"" in their own ways, and both are worth watching.",2025-11-26T21:49:35.171774
Beauty,"Which cuisine has a greater complexity and richness, French cuisine or Kenyan cuisine?","Both French and Kenyan cuisines have their unique complexities and richness, but they differ significantly due to historical, cultural, and geographical factors. Here's a breakdown of each:

1. **French Cuisine:**
   - **Complexity:** French cuisine is renowned for its complexity, with a strong focus on technique, presentation, and balance of flavors. It has a rich history dating back to the Middle Ages, with influences from various regions and cultures. French chefs have developed many complex dishes, sauces, and cooking methods, such as the mother sauces (béchamel, velouté, espagnole, hollandaise, and tomate), and intricate pastry techniques.
   - **Richness:** French cuisine is rich in terms of its influence on global gastronomy, its extensive use of ingredients, and its emphasis on quality and seasonality. It has a vast range of dishes, from simple peasant food to elaborate haute cuisine. French cuisine also places great importance on wine pairing, further enriching the dining experience.

2. **Kenyan Cuisine:**
   - **Complexity:** Kenyan cuisine is diverse and complex, reflecting the country's many ethnic groups and influences from neighboring countries, as well as colonial and global influences. However, the complexity is often more about the use of diverse ingredients, unique cooking methods, and preserving traditional flavors rather than intricate techniques or presentations. Some dishes, like ugali (a thick porridge made from cornmeal) or nyama choma (grilled meat), might seem simple, but they hold deep cultural significance and are prepared with specific techniques and accompaniments.
   - **Richness:** Kenyan cuisine is rich in its cultural heritage, use of local ingredients, and the variety it offers. It incorporates a wide range of ingredients, including indigenous vegetables, tropical fruits, and diverse meats and seafood. Kenyan cuisine also has a rich street food culture, with dishes like mandazi (fried doughnuts), mahamri (sweet, flaky bread), and viazi karai (fried potatoes) being popular.

In conclusion, both cuisines have their own complexities and richness, but they differ in their focus and expression. French cuisine is complex in terms of technique, presentation, and influence on global gastronomy, while Kenyan cuisine is complex in its diversity of ingredients, unique cooking methods, and cultural significance.",2025-11-26T21:49:35.171812
Beauty,"Which cuisine has a greater complexity and richness, Indian cuisine or Scandinavian cuisine?","Both Indian and Scandinavian cuisines have their unique complexities and richness, but they differ in terms of ingredients, history, and cultural influences. Indian cuisine is generally considered more complex and rich in terms of the variety of ingredients, cooking techniques, and regional diversity, while Scandinavian cuisine is known for its simplicity, use of local ingredients, and unique flavors. Here's a breakdown of both:

1. **Indian Cuisine:**
   - **Complexity:** Indian cuisine is incredibly diverse and complex, with a wide range of cooking techniques, ingredients, and flavors. It's characterized by the extensive use of spices, herbs, and condiments, with over 200 different types of spices used in various dishes. The complexity lies in the balance of flavors (sweet, sour, salty, spicy, and bitter) and the intricate blending of spices to create unique tastes.
   - **Richness:** Indian cuisine is rich in its history, dating back over 5,000 years. It has evolved over centuries, influenced by various cultures and regions, including Persian, Mughal, and British. Each region in India has its own distinct cuisine, with unique dishes, ingredients, and cooking methods. The richness is also evident in the variety of dishes, from street food to royal cuisine, and the use of a wide range of ingredients, including grains, legumes, vegetables, fruits, and meats.
   - **Examples:** Dishes like biryani, vindaloo, butter chicken, and various types of curries showcase the complexity and richness of Indian cuisine.

2. **Scandinavian Cuisine:**
   - **Complexity:** Scandinavian cuisine is generally simpler and more straightforward than Indian cuisine. It focuses on fresh, local ingredients and traditional cooking methods. The complexity lies more in the preservation techniques (like pickling and fermenting) and the use of unique ingredients (such as lingonberries, cloudberries, and reindeer meat) rather than complex spice blends.
   - **Richness:** Scandinavian cuisine is rich in its connection to nature and the seasons. It's deeply rooted in the local landscape and climate, with a strong focus on sustainability and preserving ingredients. The richness also lies in the traditional dishes that have been passed down through generations, such as smørrebrød (open-faced sandwiches), gravlax (cured salmon), and æbleskiver (pancake balls).
   - **Examples:** Dishes like Swedish meatballs, Danish pastries, Norwegian salmon, and Finnish rye bread represent the richness and unique flavors of Scandinavian cuisine.

In conclusion, while both cuisines have their own complexities and richness, Indian cuisine is generally more complex in terms of ingredients and cooking techniques, while Scandinavian cuisine is rich in its connection to nature, local ingredients, and traditional methods.",2025-11-26T21:49:35.171852
Popular Media,"Who is a greater film director, Andrei Tarkovsky or Michael Bay?","Determining who is a ""greater"" film director between Andrei Tarkovsky and Michael Bay depends on what criteria you value most in filmmaking, as they have distinct styles and goals. Here's a brief comparison:

1. **Andrei Tarkovsky (1932-1986)**:
   - **Style**: Tarkovsky is known for his slow, contemplative, and poetic style. His films often deal with philosophical and spiritual themes, and he uses long takes, minimal dialogue, and striking visuals to convey his ideas.
   - **Impact**: Tarkovsky is widely regarded as one of the greatest filmmakers of all time. His films have influenced many directors, and he has won numerous awards, including the Grand Prix at the Cannes Film Festival for ""Solaris"" and the Golden Lion at the Venice Film Festival for ""Nostalghia"".
   - **Notable Films**: ""Solaris"", ""Stalker"", ""The Mirror"", ""Andrei Rublev"", ""Solaris""

2. **Michael Bay (1964-present)**:
   - **Style**: Bay is famous for his high-octane, action-packed films with big budgets, elaborate special effects, and a focus on spectacle and entertainment.
   - **Impact**: Bay's films have grossed billions of dollars worldwide, and he has a significant influence on modern blockbuster cinema. However, his work is also often criticized for its lack of depth and substance.
   - **Notable Films**: ""Armageddon"", ""The Rock"", ""Bad Boys"", ""Transformers"" series, ""The Island"", ""Pain & Gain""

In conclusion:
- If you value slow cinema, philosophical depth, and artistic expression, you might consider Tarkovsky the greater director.
- If you prefer action-packed, entertaining blockbusters, you might consider Bay the greater director.

Ultimately, both directors have made significant contributions to cinema in their own ways, and the ""greater"" director is subjective and depends on personal taste.",2025-11-26T21:49:35.171892
Popular Media,"Who is a greater film director, David Lynch or Michael Bay?","Choosing between David Lynch and Michael Bay as the ""greater"" film director depends on what aspects of filmmaking you value the most, as they have distinct styles and strengths. Here's a brief comparison:

1. **David Lynch:**
   - **Strengths:** Lynch is renowned for his unique, surreal, and often disturbing visual style, which he uses to explore themes of dreams, reality, and the subconscious. His films are known for their atmospheric storytelling, complex narratives, and memorable characters. He has a strong influence on cinema, particularly in the horror, mystery, and art house genres.
   - **Notable Films:** ""Eraserhead,"" ""Blue Velvet,"" ""Twin Peaks"" (TV series), ""Mulholland Drive,"" ""The Elephant Man""
   - **Awards:** Lynch has been nominated for three Academy Awards and has won numerous other awards, including a Palme d'Or at the Cannes Film Festival.

2. **Michael Bay:**
   - **Strengths:** Bay is a master of big-budget, high-octane action sequences, with a knack for creating visually stunning, explosive spectacles. He is a skilled storyteller within the blockbuster genre, known for his fast-paced editing, dynamic camera work, and memorable one-liners. His films often gross hundreds of millions of dollars worldwide.
   - **Notable Films:** ""Bad Boys,"" ""The Rock,"" ""Armageddon,"" ""Transformers"" series, ""13 Hours,"" ""The Island""
   - **Awards:** Bay has been nominated for several awards, including MTV Movie Awards and Teen Choice Awards, but he has not received widespread critical acclaim.

In conclusion, if you appreciate complex narratives, surreal visuals, and atmospheric storytelling, you might consider David Lynch the greater director. However, if you enjoy high-octane action, big-budget spectacles, and entertaining blockbusters, you might prefer Michael Bay. Both directors have made significant contributions to cinema in their own ways.",2025-11-26T21:49:35.171932
Natural World,"Which animal is more beautiful, the monarch butterfly, or the American cockroach?","Beauty is subjective and can vary based on personal preferences, cultural backgrounds, and individual perceptions. However, if we consider the typical aesthetic standards in Western culture, the monarch butterfly is generally considered more beautiful than the American cockroach for several reasons:

1. **Color and Pattern**: The monarch butterfly has vibrant orange wings with black and white patterns, which are often associated with beauty in nature. In contrast, the American cockroach is brown and lacks the striking color contrast of the butterfly.

2. **Symmetry**: Butterflies have symmetrical wings, which are often seen as aesthetically pleasing. Cockroaches, on the other hand, have an asymmetrical body shape.

3. **Elegance and Grace**: Butterflies are known for their graceful flight and elegant movements. Cockroaches, while they can fly, are more often associated with quick, erratic movements and are generally considered less graceful.

4. **Associations**: Butterflies are often associated with positive things like transformation, freedom, and beauty, while cockroaches are often associated with filth, disease, and unpleasant environments.

That being said, some people might find the cockroach's unique appearance or the butterfly's caterpillar stage more appealing, or they might appreciate the cockroach's resilience and adaptability. It's all about personal preference.",2025-11-26T21:49:35.171972
Natural World,"Which bird is more beautiful, the broad billed-hummingbird or the turkey vulture?","Beauty can be subjective and depends on personal preferences. However, let's describe both birds to help you make an informed decision:

1. **Broad-billed Hummingbird**:
   - Size: Small, about 3.5 inches (8.9 cm) long.
   - Colors: Males have iridescent green upperparts and a metallic rose-red throat, while females are mostly green with a speckled throat.
   - Features: They have a long, straight bill that's broader at the tip, which gives them their name. They have a long, forked tail.
   - Behavior: They are acrobatic fliers and feed on nectar from flowers, making them a favorite among birdwatchers.

2. **Turkey Vulture**:
   - Size: Medium to large, about 25-32 inches (64-81 cm) in length with a wingspan of up to 6 feet (1.8 m).
   - Colors: They have a dark brown body, a red head (due to a lack of feathers, not actual color), and two-toned wings (dark above, silvery below).
   - Features: Their most distinctive feature is their large, broad wings that are held in a V-shape when soaring.
   - Behavior: They are known for their excellent sense of smell, which they use to find carrion. They soar high in the sky, riding thermals, and are often seen in groups called ""kettles.""

If you prefer small, vibrant, and acrobatic birds with iridescent colors, you might find the Broad-billed Hummingbird more beautiful. If you appreciate larger birds with unique features and soaring abilities, you might prefer the Turkey Vulture.",2025-11-26T21:49:35.172012
Popular Media,"Who is a greater actress, Ingrid Bergman or Sidney Sweeney?","Ingrid Bergman and Sidney Sweeney are both highly regarded actresses, but they've had different careers and impacts on the film industry. Here's a brief comparison:

1. **Ingrid Bergman (1915-1982)**:
   - Bergman was a Swedish actress who had a prolific career spanning over four decades.
   - She won three Academy Awards, two Emmy Awards, and a Tony Award, among other accolades.
   - Her most notable films include ""Casablanca,"" ""For Whom the Bell Tolls,"" ""Gaslight,"" ""The Bells of St. Mary's,"" and ""Anastasia.""
   - She was known for her versatility, playing a wide range of roles in various genres, from drama to comedy.
   - Bergman was also the first woman to receive three Oscars in the acting category.

2. **Sidney Sweeney (1997-present)**:
   - Sweeney is an American actress known for her roles in television and film.
   - She has been nominated for several awards, including a Golden Globe and an Emmy, but has not yet won.
   - Her most notable works include ""Euphoria,"" ""The Handmaid's Tale,"" ""Sharp Objects,"" ""Once Upon a Time in Hollywood,"" and ""The White Lotus.""
   - Sweeney is known for her ability to take on challenging roles and deliver powerful performances.

While both actresses have made significant contributions to their respective fields, Ingrid Bergman's career was longer, and she has more awards and iconic films to her name. Therefore, based on their careers so far, Ingrid Bergman is generally considered the greater actress. However, it's important to note that Sidney Sweeney's career is still in its early stages, and she has the potential to achieve even more in the future.",2025-11-26T21:49:35.172052
Popular Media,"Who is a greater actor, James Stewart of Mark Wahlberg?","Determining who is the ""greater"" actor between James Stewart and Mark Wahlberg can be subjective and depends on what criteria you value most in an actor, such as range, impact on cinema, awards, or personal preference. Here's a brief comparison:

1. **James Stewart (1908-1997)**:
   - **Career Span**: Stewart's career spanned over six decades, from the 1930s to the 1990s.
   - **Range**: He was known for his versatility, playing a wide range of characters in various genres, including drama (""It's a Wonderful Life"", ""The Philadelphia Story""), westerns (""The Man from Laramie"", ""The Naked Spur""), thrillers (""Rear Window"", ""Vertigo""), and comedy (""Harvey"", ""The Shop Around the Corner"").
   - **Impact**: Stewart was one of the most popular movie stars in classical Hollywood, known for his everyman persona and natural acting style. He influenced many actors and was a major figure in the film industry.
   - **Awards**: He was nominated for five Academy Awards and won one for Best Actor in ""The Philadelphia Story"" (1940). He also received an Honorary Oscar in 1985.

2. **Mark Wahlberg (1971-present)**:
   - **Career Span**: Wahlberg's career began in the 1990s and continues today.
   - **Range**: He has shown versatility in various genres, including drama (""The Departed"", ""The Fighter"", ""Lone Survivor""), comedy (""Daddy's Home"", ""Ted""), action (""Transformers"", ""Mile 22""), and biopics (""Invincible"", ""Patriots Day"").
   - **Impact**: Wahlberg has become a prominent figure in Hollywood, known for his acting, producing, and entrepreneurial ventures. He has been a major box office draw and has helped produce successful TV shows and films.
   - **Awards**: He has been nominated for two Academy Awards, both for Best Supporting Actor in ""The Departed"" (2006) and ""The Fighter"" (2010).

In conclusion, both actors have had significant careers and have demonstrated range and versatility. Stewart's career was longer, and he has had a more profound impact on classic Hollywood, while Wahlberg's career is still active, and he has made a significant mark on modern cinema. Ultimately, the ""greater"" actor may depend on personal preference and which aspects of their careers you value most.",2025-11-26T21:49:35.172094
Popular Media,"Which is the better Telivision show, the Sopranos or New Girl?","Choosing between ""The Sopranos"" and ""New Girl"" depends on what you're looking for in a TV show, as they are quite different in terms of genre, tone, and themes. Here's a brief comparison to help you decide:

1. **The Sopranos (1999-2007, Drama/Crime)**
   - *Strengths:*
     - Complex and well-developed characters, especially the antihero Tony Soprano.
     - Dark, gritty, and realistic portrayal of organized crime and its impact on families.
     - Excellent writing, direction, and performances, with numerous award wins and nominations.
     - Themes explore morality, power, family, and mental health.
     - It's a groundbreaking and influential series that has left a lasting impact on television.
   - *Weaknesses:*
     - The show's violence, mature content, and slow pacing might not appeal to everyone.
     - It requires a significant time commitment, with each season containing 12-13 episodes.

2. **New Girl (2011-2018, Comedy/Romantic Comedy)**
   - *Strengths:*
     - A lighthearted and humorous take on modern relationships and friendships.
     - Charming and relatable characters, with a strong ensemble cast.
     - Funny and witty writing, with a good balance of humor and heart.
     - The show explores themes of love, friendship, and personal growth in a relatable way.
     - It's an easy watch, with episodes typically around 22 minutes long, making it perfect for binge-watching.
   - *Weaknesses:*
     - The show's humor might not appeal to everyone, as it relies heavily on situational comedy and quirky character dynamics.
     - The quality can be inconsistent, with some seasons or episodes being stronger than others.

In summary:
- If you prefer dark, dramatic, and complex storytelling, ""The Sopranos"" is the better choice.
- If you're looking for a lighthearted, funny, and relatable comedy, ""New Girl"" is more your speed.

Both shows have their merits and have found large audiences, so ultimately, the ""better"" show depends on your personal preferences.",2025-11-26T21:49:35.172135
Beauty,"Which novel is the greater work, Nostromo or the Da Vinci Code?","Comparing ""Nostromo"" by Joseph Conrad and ""The Da Vinci Code"" by Dan Brown involves considering different aspects of literature and their intended purposes, as they are quite distinct in genre, style, and historical context. Here's a breakdown:

1. **Literary Merit and Complexity:**
   - ""Nostromo"" (1904): This novel is widely regarded as one of Conrad's masterpieces. It's a complex exploration of power, greed, and political corruption, set against the backdrop of a fictional South American country. Conrad's prose is dense, poetic, and rich in symbolism, requiring active engagement from the reader. It's a work of high literary merit, often studied in universities for its themes, narrative techniques, and stylistic innovations.
   - ""The Da Vinci Code"" (2003): This is a thriller novel, known for its fast-paced plot, short chapters, and simple, accessible language. It's designed to be a gripping, entertaining read, not a literary heavyweight. While it's a successful work of popular fiction, it doesn't possess the same literary depth or complexity as ""Nostromo"".

2. **Plot and Pacing:**
   - ""Nostromo"": The plot is intricate and slow-burning, with a focus on character development and thematic exploration. It's not a fast-paced, action-driven narrative.
   - ""The Da Vinci Code"": The plot is fast-paced and action-packed, with a mystery that unfolds quickly, keeping readers engaged and turning pages.

3. **Historical and Cultural Significance:**
   - ""Nostromo"": As a novel that offers a critical examination of imperialism, capitalism, and political power, ""Nostromo"" has significant historical and cultural value. It's a product of its time and has stood the test of time as a literary classic.
   - ""The Da Vinci Code"": While it's a bestseller that sparked a global phenomenon, its cultural significance is more tied to its impact on popular culture and the publishing industry (e.g., the rise of ""pageturners"" and airport novels) than on literary or historical discourse.

4. **Impact and Influence:**
   - ""Nostromo"": This novel has had a significant impact on literature, influencing many writers and being studied extensively in academic circles.
   - ""The Da Vinci Code"": It's had a massive commercial impact, selling millions of copies and being adapted into a successful film. However, its influence on literature is less pronounced.

In conclusion, if you're looking for a work of high literary merit with complex themes and stylistic depth, ""Nostromo"" is the greater work. If you're seeking a fast-paced, entertaining thriller, ""The Da Vinci Code"" is more suitable. Both have their merits, but they cater to different reading preferences and expectations.",2025-11-26T21:49:35.172179
Beauty,"Which novel is the greater work, Where the Crawdads Sing or War and Peace?","Choosing between ""Where the Crawdads Sing"" by Delia Owens and ""War and Peace"" by Leo Tolstoy depends on what you value most in a novel, as they are quite different in terms of scope, style, and themes. Here's a brief comparison:

1. **Where the Crawdads Sing (2018) by Delia Owens:**
   - **Pros:**
     - Engaging and atmospheric storytelling that beautifully captures the natural world and the isolation of its protagonist, Kya.
     - A compelling mystery that keeps readers invested in the plot.
     - Exploration of themes like loneliness, resilience, and the power of nature.
     - Accessible and enjoyable writing style.
   - **Cons:**
     - Some critics argue that the plot is predictable, and the characters are not deeply complex.
     - It's a relatively short novel (around 384 pages), which some readers might find too brief.

2. **War and Peace (1867-1869) by Leo Tolstoy:**
   - **Pros:**
     - Epic in scale, spanning over a decade and covering historical events like the Napoleonic Wars.
     - Deeply complex characters and intricate relationships that evolve over the course of the novel.
     - Exploration of profound philosophical and existential themes, such as the nature of war, love, fate, and happiness.
     - Beautiful, descriptive prose and memorable scenes.
   - **Cons:**
     - Its length (over 1,200 pages in some editions) can be intimidating and time-consuming.
     - The vast number of characters and historical context can be challenging to follow.
     - The pacing can feel slow at times, and some readers might struggle with the philosophical digressions.

In conclusion, if you prefer a more intimate, atmospheric story with a compelling mystery and accessible writing, ""Where the Crawdads Sing"" might be the greater work for you. However, if you're looking for an epic, philosophically rich exploration of human nature and historical events, ""War and Peace"" would be the better choice. Both novels have their merits and have been widely praised, so it ultimately depends on your personal preferences.",2025-11-26T21:49:35.172219
Beauty,"Which film director displays greater artistry, Stanley Kubrick or Zack Snyder?","Determining who displays greater artistry between Stanley Kubrick and Zack Snyder is subjective and depends on personal preferences, as artistry can be interpreted in various ways. Here's a brief comparison:

1. **Stanley Kubrick (1928-1999)**:
   - **Visual Style**: Kubrick is renowned for his meticulous attention to detail, symmetrical compositions, and use of light and color to create iconic imagery. His films often have a timeless, almost otherworldly quality.
   - **Themes**: Kubrick explored complex themes like war, artificial intelligence, human nature, and the future of humanity. His films often challenge societal norms and provoke thought.
   - **Influence**: Kubrick's films have had a profound impact on cinema, inspiring countless directors. His work is often studied in film schools worldwide.
   - **Body of Work**: Kubrick's filmography includes classics like ""Dr. Strangelove,"" ""2001: A Space Odyssey,"" ""A Clockwork Orange,"" ""The Shining,"" and ""Eyes Wide Shut.""

2. **Zack Snyder (1966-present)**:
   - **Visual Style**: Snyder is known for his dark, gritty aesthetic, slow-motion action sequences, and use of practical effects. His films often have a unique, comic book-like visual style.
   - **Themes**: Snyder's films often explore themes of hope, redemption, and the struggle against insurmountable odds. He frequently draws from mythology and history for his stories.
   - **Influence**: While Snyder's influence is more controversial, his unique visual style and approach to adapting comic books have left a mark on modern cinema.
   - **Body of Work**: Snyder's notable films include ""300,"" ""Watchmen,"" ""Man of Steel,"" ""Batman v Superman: Dawn of Justice,"" ""Justice League,"" and his upcoming ""Army of the Dead.""

In conclusion, Kubrick's artistry is often celebrated for his technical mastery, thematic depth, and lasting influence on cinema. However, Snyder's artistry lies in his unique visual storytelling, faithful adaptations of comic books, and exploration of mythological themes. Both directors have made significant contributions to cinema in their own ways.",2025-11-26T21:49:35.172262
Beauty,"Which cuisine is more technically refined, Japanese kaiseki or American fast-casual fusion?","Both Japanese Kaiseki and American Fast-Casual Fusion cuisines have their unique refinements and complexities, but they cater to different culinary philosophies and dining experiences. Here's a breakdown of their technical refinements:

1. **Japanese Kaiseki:**
   - **Technical Refinement:** High
   - Kaiseki is a traditional multi-course Japanese dinner that originated in the tea ceremony. It's known for its intricate presentation, seasonal ingredients, and meticulous attention to detail. Here are some of its technical refinements:
     - **Seasonality:** Kaiseki menus change with the seasons, reflecting the best produce and ingredients available at that time.
     - **Presentation:** Dishes are artfully presented, often using natural elements like flowers, leaves, or stones to create a harmonious and aesthetically pleasing arrangement.
     - **Balance:** Kaiseki emphasizes balance in flavors, colors, textures, and temperatures. Each course is carefully considered to complement the others.
     - **Technique:** Kaiseki chefs employ a wide range of cooking techniques, from raw (sashimi), to grilled (yaki), simmered (ni), and steamed (mushimono), among others. They also use specialized tools and utensils.
     - **Training:** Kaiseki chefs undergo rigorous training, often apprenticing for years to master the art of Kaiseki.

2. **American Fast-Casual Fusion:**
   - **Technical Refinement:** Medium to High
   - Fast-Casual Fusion combines elements from various cuisines into quick, affordable meals. While it may not reach the same level of refinement as Kaiseki, it still requires technical skill and understanding. Here's why:
     - **Flavor Balance:** Fusion cuisine requires a deep understanding of different culinary traditions to create harmonious flavor combinations.
     - **Cooking Techniques:** Chefs must be proficient in various cooking methods to prepare diverse dishes efficiently.
     - **Efficiency:** Fast-casual kitchens require high-speed, high-volume cooking, which demands a different set of technical skills, such as multitasking and streamlined prep work.
     - **Consistency:** In fast-casual settings, maintaining consistent quality and taste across multiple dishes and locations is crucial.

In conclusion, while both cuisines require technical skill and understanding, Japanese Kaiseki takes the lead in terms of refinement due to its emphasis on seasonality, intricate presentation, and the depth of training required to master its art. However, American Fast-Casual Fusion also demands a high level of technical proficiency, particularly in terms of efficiency, consistency, and balancing diverse flavors.",2025-11-26T21:49:35.172302
Beauty,"Which jazz musician is the greater innovator, John Coltrane or Kenny G?","Comparing John Coltrane and Kenny G is like comparing two entirely different worlds of jazz music. Coltrane is widely regarded as one of the greatest jazz innovators of all time, while Kenny G is known for his smooth jazz and pop-oriented style. Here's a breakdown of their innovations:

1. **John Coltrane (1926-1967)**:
   - **Innovations**: Coltrane was a pioneer in free jazz and modal jazz. He expanded the vocabulary of improvisation by using complex chord progressions, advanced harmonies, and intricate melodies. His innovative use of scales, like the whole-tone scale and the diminished scale, influenced countless musicians. Some of his most influential albums include ""Giant Steps,"" ""My Favorite Things,"" and ""A Love Supreme.""
   - **Impact**: Coltrane's innovations have had a profound and lasting impact on jazz music. His influence can be heard in various genres, from jazz fusion to rock and even hip-hop.

2. **Kenny G (Kenneth Bruce Gorelick, born 1956)**:
   - **Innovations**: Kenny G is known for his smooth jazz style, which often incorporates elements of pop, R&B, and even classical music. He has popularized the use of the soprano saxophone in smooth jazz and has developed a distinctive, emotive playing style. He has also been innovative in his use of technology, incorporating synthesizers and other electronic instruments into his music.
   - **Impact**: Kenny G has had significant commercial success and has brought smooth jazz to a wide audience. However, his innovations have had less impact on the broader jazz world compared to Coltrane.

In conclusion, while Kenny G has made significant contributions to smooth jazz and has a large following, John Coltrane's innovations have had a much greater impact on the development of jazz music as a whole. Therefore, Coltrane is generally considered the greater innovator.",2025-11-26T21:49:35.172346
Beauty,"Which opera is the greater artistic work, Wagner’s Parsifal or Andrew Lloyd Webber’s Cats?","Comparing Richard Wagner's ""Parsifal"" and Andrew Lloyd Webber's ""Cats"" is like comparing two entirely different forms of art. ""Parsifal"" is a late 19th-century German opera in three acts, while ""Cats"" is a 20th-century British musical based on T.S. Eliot's ""Old Possum's Book of Practical Cats."" Here's a breakdown of their artistic merits:

1. **Artistic Intent and Cultural Impact:**
   - ""Parsifal"": Wagner intended this opera to be his final masterpiece and a spiritual drama. It's renowned for its complex musical structure, innovative orchestration, and profound philosophical themes. It had a significant impact on the development of opera and music in general.
   - ""Cats"": Webber's musical is a lighter, more accessible work aimed at a broader audience. It's a celebration of the joy and humor in everyday life, with catchy tunes and memorable songs. It had a massive impact on musical theater, becoming one of the longest-running shows on Broadway and the West End.

2. **Musical Complexity and Innovation:**
   - ""Parsifal"": Wagner's music is intricate, with complex harmonies, leitmotifs (musical themes associated with characters or ideas), and innovative orchestration. It's a challenging and rewarding listen for classical music enthusiasts.
   - ""Cats"": Webber's music is more straightforward and accessible, with catchy melodies and memorable hooks. It's designed to appeal to a wide audience and be easily sung along to.

3. **Thematic Depth:**
   - ""Parsifal"": The opera explores themes of redemption, spirituality, and the quest for the Holy Grail. It's a profound and thought-provoking work.
   - ""Cats"": The musical's themes are more lighthearted, focusing on the joy of life, the importance of community, and the cycle of life and death.

4. **Longevity and Endurance:**
   - ""Parsifal"": Over a century after its premiere, ""Parsifal"" continues to be performed and studied worldwide. It's a staple of the operatic repertoire.
   - ""Cats"": While ""Cats"" has had an incredible run, its enduring popularity is less certain. It's possible that future generations may not engage with it as deeply as they do with classic operas.

In conclusion, both works are artistically significant in their own right, but they serve different purposes and cater to different audiences. If you're looking for depth, complexity, and a profound artistic experience, ""Parsifal"" is the greater artistic work. If you're seeking a lighter, more accessible, and entertaining musical experience, ""Cats"" is the way to go.",2025-11-26T21:49:35.172384
Popular Media,"Which film has greater cultural significance, The Godfather or Paul Blart: Mall Cop?","""The Godfather"" has significantly greater cultural significance than ""Paul Blart: Mall Cop."" Here's a comparison:

1. **The Godfather (1972)**:
   - Directed by Francis Ford Coppola and starring Marlon Brando and Al Pacino, ""The Godfather"" is often considered one of the greatest films ever made.
   - It's a landmark film in the gangster genre and has had a profound influence on countless films that followed.
   - The film's exploration of power, family, and morality has resonated with audiences and critics alike.
   - It won three Academy Awards, including Best Picture, and was added to the National Film Registry in 1993.
   - It's a staple in film studies and is often used in discussions about cinema and society.

2. **Paul Blart: Mall Cop (2009)**:
   - This comedy film starring Kevin James is entertaining but has had little impact on the film industry or culture.
   - It's a typical fish-out-of-water comedy with a unique setting, but it doesn't break new ground or explore significant themes.
   - While it was a commercial success, it didn't receive any major award nominations or critical acclaim.
   - It's not typically studied in film courses or discussed in broader cultural contexts.

In conclusion, while ""Paul Blart: Mall Cop"" may have provided some laughs and entertainment, ""The Godfather"" has had a much more significant and lasting impact on film and culture.",2025-11-26T21:49:35.172423
Beauty,"Who is an artistically superior theater artist, Wagner or Lin Manuel Miranda?","Both Richard Wagner and Lin-Manuel Miranda are highly influential and respected figures in the world of theater, each bringing unique artistic visions and significant contributions to their respective eras. Wagner is often considered one of the greatest composers in the history of Western music, while Miranda is a groundbreaking figure in contemporary musical theater. Here's a comparison of their artistic superiority in different aspects:

1. **Richard Wagner (1813-1883):**

   - **Musical Innovation:** Wagner revolutionized opera and music drama with his innovative use of leitmotifs, continuous music, and the concept of Gesamtkunstwerk (total work of art), which integrates music, poetry, visual arts, and dramatic speech. His compositions, such as ""Der Ring des Nibelungen"" and ""Tristan und Isolde,"" have had a profound and lasting influence on classical music.

   - **Dramatic Structure:** Wagner's mature works feature complex, multi-layered narratives that explore philosophical, political, and social themes. His librettos are known for their depth, symbolism, and psychological insight.

   - **Legacy:** Wagner's influence can be seen in the works of countless composers, playwrights, and artists. His operas continue to be performed and studied around the world, and his ideas have shaped the course of Western art and culture.

2. **Lin-Manuel Miranda (1980-present):**

   - **Musical Diversity:** Miranda's work is known for its eclectic mix of musical styles, incorporating elements of hip-hop, R&B, pop, and traditional musical theater. This diversity has helped to broaden the appeal of musical theater and attract new audiences.

   - **Storytelling:** Miranda is a masterful storyteller, with a talent for crafting engaging, emotionally resonant narratives that often challenge traditional historical narratives and explore themes of identity, power, and social justice. His work is known for its humor, heart, and humanity.

   - **Inclusivity:** Miranda has been a champion for diversity and inclusivity in theater, both on and off the stage. His work often features people of color in leading roles and explores the experiences of marginalized communities. He has also been an advocate for accessibility in theater, ensuring that his productions are affordable and welcoming to a wide range of audiences.

In conclusion, both Wagner and Miranda are artistically superior in their respective fields, but in different ways. Wagner's innovations in music and drama have had a lasting impact on the course of Western art, while Miranda's work has helped to redefine musical theater for contemporary audiences and challenge traditional norms. Ultimately, the question of who is ""artistically superior"" may depend on personal preference and the specific aspects of their art that resonate most with an individual.",2025-11-26T21:49:35.172463
Beauty,"Whose work shows deeper technical mastery, Vermeer or Amy Sherald?","Both Johannes Vermeer and Amy Sherald are highly skilled artists, each with their own unique styles and techniques. Vermeer is known for his mastery of light and color in his Baroque period paintings, while Sherald is renowned for her contemporary figurative paintings with a focus on social commentary. Here's a comparison of their technical mastery:

1. **Johannes Vermeer (1632-1675)**:
   - **Light and Color**: Vermeer's most notable technical mastery lies in his use of light and color. He had an exceptional understanding of how light interacts with objects and how to depict it on canvas. His works often feature a single source of light that creates dramatic contrasts and brings out the textures of materials. Examples include ""Girl with a Pearl Earring"" and ""The Milkmaid"".
   - **Composition**: Vermeer was a master of composition, often using the rule of thirds and leading lines to guide the viewer's eye through his paintings. He also excelled at creating a sense of depth and space.
   - **Technique**: Vermeer used a technique called ""sight-size,"" where he would hold a small mirror or use a camera obscura to project the scene onto his canvas. He also employed a thin, precise painting style with delicate brushwork.

2. **Amy Sherald (1973-present)**:
   - **Figurative Painting**: Sherald's technical mastery lies in her ability to capture the essence of her subjects in her figurative paintings. She has a strong understanding of the human form and how to convey emotion through facial expressions and body language.
   - **Color and Pattern**: Sherald is known for her bold use of color and intricate patterns, which she uses to explore themes of identity, race, and culture. Her backgrounds often feature complex geometric patterns, while her figures are rendered in a more simplified, stylized manner.
   - **Technique**: Sherald uses a combination of techniques, including impasto for her patterns and a more delicate touch for her figures. She often works from photographs, but her paintings are far from photorealistic; instead, they are highly stylized and expressive.

In conclusion, both artists demonstrate deep technical mastery, but in different ways and for different purposes. Vermeer's mastery lies in his ability to capture light and create realistic, detailed scenes, while Sherald's mastery is evident in her ability to convey emotion and explore social themes through her stylized, contemporary figurative paintings. It's difficult to say whose work shows ""deeper"" technical mastery, as they are simply different types of mastery.",2025-11-26T21:49:35.172504
Beauty,"Who is the greater poet, Dante or Margaret Atwood?","Determining who is the ""greater"" poet between Dante Alighieri and Margaret Atwood can be subjective and depends on personal literary preferences, as well as the cultural, historical, and societal contexts in which their works were created. Here's a brief comparison:

1. **Dante Alighieri (1265-1321)**:
   - **Impact**: Dante is widely regarded as one of the greatest poets of all time. His epic poem ""The Divine Comedy"" is considered a cornerstone of Western literature. It has had an immense influence on subsequent literature, art, and culture.
   - **Style**: Dante's work is known for its complex structure, rich symbolism, and exploration of philosophical, theological, and political themes. His use of the Italian vernacular instead of Latin also had a significant impact on the development of modern Italian language and literature.
   - **Relevance Today**: While his work is dense and can be challenging to modern readers, it remains widely studied and appreciated for its depth and breadth.

2. **Margaret Atwood (1939-present)**:
   - **Impact**: Atwood is a highly acclaimed and influential contemporary author. She has won numerous awards, including the Booker Prize, and her works are widely read and studied.
   - **Style**: Atwood is known for her use of vivid, often disturbing imagery, and her exploration of feminist themes, as well as her critique of power structures and societal norms. Her work often blends genres and forms, and she has written poetry, novels, short stories, and non-fiction.
   - **Relevance Today**: Atwood's work remains highly relevant and resonant today, with many of her themes and critiques still resonating in contemporary society.

In conclusion, while Dante's influence and impact on Western literature are undeniable, Atwood's contemporary relevance, accessibility, and continued influence on modern literature make her a significant figure in her own right. It's difficult to definitively say who is the ""greater"" poet, as it depends on what criteria you value most. Both poets have made lasting and important contributions to literature.",2025-11-26T21:49:35.172541
Beauty,"Which film is the more important artistic achievement, Citizen Kane or Everything Everywhere All At Once?","Choosing between ""Citizen Kane"" and ""Everything Everywhere All At Once"" as the more important artistic achievement depends on what aspects of importance you're considering. Here's a brief comparison:

1. **Citizen Kane (1941)**:
   - **Innovation**: Directed by Orson Welles, ""Citizen Kane"" is renowned for its narrative structure and cinematography. It introduced many groundbreaking techniques, such as deep focus, low-angle shots, and complex camera movements.
   - **Influence**: The film has had a profound impact on cinema. It's often cited as the greatest film ever made and has influenced countless filmmakers.
   - **Thematic Depth**: ""Citizen Kane"" explores themes of power, wealth, and the American Dream, providing a critical commentary on society.

2. **Everything Everywhere All At Once (2022)**:
   - **Innovation**: Directed by Daniel Kwan and Daniel Scheinert (collectively known as Daniels), this film pushes the boundaries of storytelling with its multiverse concept, blending genres, and surreal visuals.
   - **Influence**: While it's too early to tell its full impact, ""Everything Everywhere All At Once"" has already sparked conversations about genre-bending, representation, and emotional storytelling.
   - **Thematic Depth**: The film delves into themes of identity, family, and the human condition, offering a unique perspective on the immigrant experience and the struggle for self-acceptance.

In terms of pure artistic innovation and influence on cinema, ""Citizen Kane"" is often considered the more important achievement. However, ""Everything Everywhere All At Once"" is a remarkable feat in its own right, pushing contemporary storytelling in exciting new directions. Ultimately, both films are significant artistic achievements, each in their own way.",2025-11-26T21:49:35.172586
Beauty,"Which artist has had the greater impact on musical form, Jimi Hendrix or Taylor Swift?","Both Jimi Hendrix and Taylor Swift have significantly impacted musical forms, but they've done so in different eras and genres. Here's a comparison of their impacts:

1. **Jimi Hendrix (1942-1970)**:
   - **Influence on Guitar Playing**: Hendrix is widely regarded as one of the greatest guitarists in history. He pioneered the use of feedback, wah-wah, and other effects, and his innovative playing style has influenced countless musicians across various genres.
   - **Impact on Rock Music**: Hendrix played a crucial role in the development of rock music. His unique blend of blues, soul, and psychedelic rock helped define the sound of the 1960s and laid the groundwork for future generations of rock musicians.
   - **Cultural Impact**: Hendrix's music and persona had a significant cultural impact, influencing the counterculture movement of the 1960s and serving as a symbol of rebellion and individuality.

2. **Taylor Swift (1989-present)**:
   - **Songwriting and Storytelling**: Swift is known for her strong songwriting skills and storytelling abilities. She has brought a level of literary sophistication and personal vulnerability to pop music that has influenced many other artists.
   - **Impact on Pop Music**: Swift has consistently evolved her sound, from country to pop to indie-pop, and her influence can be heard in the music of many contemporary pop artists.
   - **Industry Impact**: Swift has been a powerful advocate for artists' rights and has used her platform to speak out against industry practices like streaming royalty rates and artist ownership. She has inspired many other artists to advocate for themselves.
   - **Cultural Impact**: Swift's music and public persona have had a significant cultural impact, particularly on young women. She has been a role model for self-expression, empowerment, and resilience.

In conclusion, while both artists have had substantial impacts on musical forms, Hendrix's influence is more profound in terms of guitar playing and the development of rock music, whereas Swift's influence is more significant in songwriting, storytelling, and the pop music industry. Therefore, it's challenging to definitively say who has had the ""greater"" impact as it largely depends on the aspects of music and the industry one is considering.",2025-11-26T21:49:35.172624
Beauty,"Who is the greater hip-hop artist, Nas or Drake?","Determining who is the ""greater"" hip-hop artist between Nas and Drake can be subjective and depends on personal preferences, as they have distinct styles, discographies, and impacts on the genre. Here's a brief comparison:

1. **Nas (Nasir Jones)**
   - **Career Start:** Nas emerged in the early 1990s, releasing his debut album ""Illmatic"" in 1994, which is often considered one of the greatest hip-hop albums of all time.
   - **Style:** Nas is known for his intricate lyricism, storytelling, and social commentary. He's often praised for his raw, introspective, and politically charged lyrics.
   - **Impact:** Nas has been a significant influence on many hip-hop artists. He's a respected elder statesman in the hip-hop community and has been named one of the greatest MCs of all time by various publications.
   - **Discography:** Some of his most acclaimed albums include ""Illmatic,"" ""It Was Written,"" ""I Am...,"" and ""Stillmatic.""

2. **Drake (Aubrey Drake Graham)**
   - **Career Start:** Drake started his music career in the late 2000s, gaining popularity with his mixtapes before releasing his debut album ""Thank Me Later"" in 2010.
   - **Style:** Drake is known for his melodic, sing-song flow, introspective lyrics, and his ability to blend hip-hop with R&B and pop. He's also known for his storytelling and emotional lyrics.
   - **Impact:** Drake has had a massive impact on popular music, breaking numerous records and influencing many artists. He's one of the best-selling music artists of all time.
   - **Discography:** Some of his most successful albums include ""Take Care,"" ""Views,"" ""Scorpion,"" and ""Certified Lover Boy.""

In conclusion, both artists have made significant contributions to hip-hop, but they cater to different tastes. Nas is often celebrated for his classic, traditional hip-hop style, while Drake is praised for his innovative blend of genres and commercial success. It's up to you to decide who you think is the ""greater"" artist based on your personal preferences.",2025-11-26T21:49:35.172664
Beauty,"Who is the greater philosopher, Aristotle or Simone de Beauvoir?","Determining who is the ""greater"" philosopher between Aristotle and Simone de Beauvoir can be subjective and depends on the criteria one uses to define ""greatness."" Both have made significant contributions to philosophy, but they've done so in different historical contexts and with different focuses. Here's a brief comparison:

1. **Aristotle (384-322 BCE):**
   - **Influence:** Aristotle is often considered the father of Western philosophy. His works have had an immense and lasting influence on logic, ethics, aesthetics, metaphysics, and politics.
   - **Scope:** He wrote on a wide range of subjects, including physics, biology, psychology, and even poetry. His works laid the foundation for many fields of study.
   - **Key Works:** ""Metaphysics,"" ""Nicomachean Ethics,"" ""Politics,"" ""Poetics,"" ""On the Soul""
   - **Limitations:** His views on women and slavery are now considered outdated and problematic.

2. **Simone de Beauvoir (1908-1986):**
   - **Influence:** De Beauvoir is best known for her work on feminist existentialism and her analysis of the female condition. Her ideas have had a profound impact on feminist theory and practice.
   - **Scope:** Her work primarily focuses on existentialism, feminism, and the philosophy of the body. She also made significant contributions to literature and memoir writing.
   - **Key Works:** ""The Ethics of Ambiguity,"" ""The Second Sex,"" ""Memoirs of a Dutiful Daughter""
   - **Impact:** She challenged traditional gender roles and helped lay the groundwork for the second-wave feminist movement.

In conclusion, if we're considering the breadth and depth of influence on Western philosophy as a whole, Aristotle might be considered the ""greater"" philosopher. However, if we're evaluating the impact on specific areas like feminist theory and the philosophy of the body, Simone de Beauvoir's influence is undeniable. Both philosophers have made invaluable contributions to the field of philosophy.",2025-11-26T21:49:35.172704
Civilization,"Which civilization contributed more to mathematical development, Ancient Greece or medieval West Africa?","Both Ancient Greece and medieval West Africa, particularly the Mali Empire and the Kingdom of Benin, contributed significantly to mathematical development, but in different ways and at different times. Here's a comparison of their contributions:

1. **Ancient Greece (8th century BC to 146 BC)**:
   - **Foundational Concepts**: The Greeks laid the foundation for Euclidean geometry, which is still taught today. They introduced concepts like the Golden Ratio, the concept of a proof, and the idea of mathematical objects existing in an abstract sense.
   - **Mathematicians**: Notable Greek mathematicians include Pythagoras, Euclid, Archimedes, and Diophantus. Euclid's ""Elements"" is one of the most influential works in mathematics, serving as a main textbook for teaching mathematics, including geometry and number theory, until the late 19th or early 20th century.
   - **Limitations**: Greek mathematics was heavily focused on geometry and lacked the concept of zero, which made it difficult for them to develop algebra or calculus.

2. **Medieval West Africa (13th-15th centuries AD)**:
   - **African Mathematical League**: The Mali Empire, under the sponsorship of Mansa Musa, is believed to have established the African Mathematical League, a group of scholars who developed advanced mathematical concepts. They are credited with creating the first written mathematical texts in Africa.
   - **African Number System**: The West Africans developed their own number system, including the concept of zero, which they used for practical purposes like trade and astronomy.
   - **Astronomy and Astrology**: West African mathematicians made significant contributions to astronomy and astrology. They developed complex astronomical tables and made accurate predictions about solar and lunar eclipses.
   - **Limitations**: While they made significant advancements, their mathematical knowledge was not widely disseminated outside of Africa, and much of their work was lost over time.

In conclusion, while both civilizations made substantial contributions to mathematical development, Ancient Greece's influence is more widespread and enduring due to the foundational nature of their work and the preservation of their texts. However, medieval West Africa's contributions are equally significant, particularly in the development of practical mathematics and the African number system.",2025-11-26T21:49:35.172743
Beauty,"Whose historical influence is greater, Julius Caesar or Toussaint Louverture?","Both Julius Caesar and Toussaint Louverture have had significant historical influences, but they have done so in different contexts and time periods. Here's a brief comparison:

1. **Julius Caesar (100-44 BC)**:
   - **Military and Political Influence**: Caesar is renowned for his military conquests, including the Gallic Wars, which expanded the Roman Republic's territory. He played a pivotal role in the events leading to the fall of the Roman Republic and the rise of the Roman Empire.
   - **Literary Influence**: Caesar's own writings, such as ""Commentarii de Bello Gallico"" (Commentaries on the Gallic War) and ""De Bello Civili"" (The Civil War), are important historical sources and have influenced Latin literature.
   - **Legal Influence**: Caesar's Julian calendar, introduced in 46 BC, was a reform that helped pave the way for the Gregorian calendar we use today.

2. **Toussaint Louverture (1743-1803)**:
   - **Slavery Abolition and Haitian Independence**: Louverture is best known for leading the Haitian Revolution (1791-1804), which resulted in Haiti becoming the first black republic and the second independent nation in the Americas. He played a crucial role in abolishing slavery in Haiti.
   - **Military Influence**: Louverture's military strategies and tactics, such as using guerrilla warfare and integrating former slaves into his army, have been studied and emulated by military historians and strategists.
   - **Political Influence**: Louverture's actions and policies, including his 1801 Constitution, have influenced discussions about democracy, self-governance, and the rights of former slaves and marginalized communities.

In terms of global and lasting influence, Caesar's impact is more widespread due to the enduring legacy of the Roman Empire and the influence of Roman culture on Western civilization. However, Louverture's influence is profound in the context of the Caribbean, Latin America, and the broader struggle against slavery and colonialism. Therefore, it's difficult to definitively say whose historical influence is greater, as it depends on the specific context and perspective.",2025-11-26T21:49:35.172783
Beauty,"Which painter demonstrates greater mastery, Sesshū Tōyō or Damien Hirst?","Determining who demonstrates greater mastery between two artists from different eras and cultures, like Sesshū Tōyō (Japanese, 1420-1506) and Damien Hirst (British, 1965-present), depends on the criteria you value most in art. Mastery can be evaluated through technical skill, innovation, cultural impact, or conceptual depth, among other factors. Here's a brief comparison:

1. **Sesshū Tōyō**:
   - **Technical Skill**: Sesshū is renowned for his mastery of ink painting (sumi-e) and brushwork. He was a skilled landscape painter, known for his expressive use of ink and paper to create intricate, atmospheric landscapes. His work demonstrates a deep understanding of traditional Chinese and Japanese painting techniques.
   - **Innovation**: Sesshū is considered one of the greatest masters of Japanese ink painting. He played a significant role in the development of the Japanese painting style, incorporating elements of Chinese painting and creating a unique, expressive style.
   - **Cultural Impact**: Sesshū's work has had a profound impact on Japanese art history. His influence can be seen in the work of later artists, and his paintings are considered national treasures in Japan.

2. **Damien Hirst**:
   - **Technical Skill**: Hirst is a conceptual artist, known for his innovative and provocative ideas rather than his technical skill in traditional artistic mediums. He often employs teams of artisans to create his works, which can range from paintings to installations, sculptures, and even a diamond-encrusted skull.
   - **Innovation**: Hirst is a prominent figure in the Young British Artists (YBAs) movement, known for his groundbreaking and controversial work. He has pushed the boundaries of what is considered art, exploring themes of life, death, and beauty in a way that has captivated the art world.
   - **Cultural Impact**: Hirst has had a significant impact on the contemporary art scene. His work has challenged conventional notions of art and its value, and he is one of the wealthiest living artists, reflecting his influence on the art market.

In conclusion, if you value traditional technical skill and innovation within a specific artistic tradition, Sesshū Tōyō might be seen as demonstrating greater mastery. However, if you value conceptual depth, provocation, and influence on the contemporary art world, Damien Hirst could be considered the master. Ultimately, the ""greater mastery"" depends on personal interpretation and the criteria one uses to evaluate art.",2025-11-26T21:49:35.172822
Beauty,"Who is the greater sculptor, Unkei (Japan) or Maurizio Cattelan?","Determining who is the ""greater"" sculptor between Unkei and Maurizio Cattelan depends on several factors such as personal artistic preferences, historical context, and the impact each sculptor has had on the art world. Here's a brief comparison:

1. **Unkei (1151-1223) - Japan:**
   - Unkei was a Japanese sculptor during the Kamakura period, known for his masterful work in the yosegi-zukuri (joined construction) technique.
   - His most famous work is the statue of the Buddha Amitabha at the Kotokuin Temple (Kamakura Daibutsu), which is one of the largest bronze statues in Japan.
   - Unkei's work is highly valued for its craftsmanship, historical significance, and cultural impact on Japanese art and Buddhism.
   - However, his work is deeply rooted in traditional Japanese Buddhist art and may not resonate as strongly with contemporary audiences.

2. **Maurizio Cattelan (1960-present) - Italy:**
   - Cattelan is a contemporary Italian artist known for his provocative and conceptual sculptures that often challenge societal norms and taboos.
   - His work includes ""Him"" (2001), a self-portrait as a kneeling Hitler, and ""America"" (2016), a fully functional 18-karat solid gold toilet that was installed in the Guggenheim Museum.
   - Cattelan's work is highly influential in the contemporary art world, and he is often associated with the Young British Artists (YBAs) movement.
   - His work is more accessible to contemporary audiences but may lack the historical and cultural significance of Unkei's work.

In conclusion, if you prefer traditional, skillfully crafted sculptures with deep historical and cultural significance, you might consider Unkei the greater sculptor. If you prefer thought-provoking, contemporary, and conceptually driven art, you might choose Maurizio Cattelan. Ultimately, the ""greater"" sculptor is subjective and depends on individual preferences.",2025-11-26T21:49:35.172862
Beauty,"Which building is more beautiful, Angkor Wat, or the Nancy Pelosi Federal Building?","Beauty is subjective and can vary greatly from person to person. However, I can provide some information about both buildings to help you form your own opinion.

1. **Angkor Wat**: This is a Hindu temple complex built during the Khmer Empire in Cambodia, constructed in the 12th century. It's renowned for its intricate carvings, grand scale, and harmonious architecture. Here are some of its notable features:
   - It's the largest religious monument in the world by land area.
   - The temple is surrounded by a moat and features five towers, with the central tower representing Mount Meru, the mythical home of the gods in Hindu cosmology.
   - The exterior walls are adorned with bas-reliefs depicting scenes from Hindu mythology and the daily life of the Khmer people.
   - Angkor Wat is a UNESCO World Heritage Site and is considered one of the most important archaeological sites in Southeast Asia.

2. **Nancy Pelosi Federal Building**: This is a federal office building located in San Francisco, California, designed by the architect Morris Lapidus in the late 1960s. Here are some of its notable features:
   - The building is known for its Brutalist architecture style, which is characterized by its raw, unadorned surfaces and monumental forms.
   - It's made primarily of concrete and glass, with a distinctive grid-like pattern on its exterior.
   - The building has a large, open plaza in front, which is often used for public gatherings and events.
   - The Nancy Pelosi Federal Building is named after the former Speaker of the U.S. House of Representatives, Nancy Pelosi.

While Angkor Wat is often praised for its intricate detail, historical significance, and harmonious design, the Nancy Pelosi Federal Building is appreciated for its bold, modernist aesthetic and its role in the development of Brutalist architecture. Ultimately, the ""beauty"" of each building depends on your personal preferences and what you value in architecture.",2025-11-26T21:49:35.172903
Beauty,"Which is the more profound artistic creation, a Tibetan thangka or a Jeff Wall creation?","Determining which is the more profound artistic creation, a Tibetan thangka or a Jeff Wall creation, depends on several factors and can be subjective, as it involves personal taste and interpretation of art. Here's a comparison based on some aspects:

1. **Historical and Cultural Significance:**
   - **Tibetan Thangka:** Thangkas have been created for over a thousand years, playing a crucial role in Tibetan Buddhist culture and tradition. They often depict religious figures, scenes from Buddhist scriptures, or mandalas, and are used for meditation, teaching, and ritual purposes. Their historical and cultural significance is immense.
   - **Jeff Wall:** Jeff Wall is a contemporary photographer known for his large-scale, backlit transparencies that blend elements of painting, photography, and film. While his work has made a significant impact on contemporary art, it doesn't have the same historical and cultural depth as thangkas.

2. **Artistic Technique and Skill:**
   - **Tibetan Thangka:** Creating a thangka requires a high level of skill and training. Artists must master intricate details, colors, and symbols, often taking years to complete a single piece. The process involves painting with mineral pigments, gold, and other materials on cotton or silk, using precise iconographic rules.
   - **Jeff Wall:** Jeff Wall's work showcases his unique vision and technical skill in photography and digital manipulation. He often stages complex scenes and uses lighting and color to create a cinematic effect. His work requires a different set of skills but is no less impressive.

3. **Artistic Intent and Interpretation:**
   - **Tibetan Thangka:** Thangkas are created with a specific spiritual or religious intent, often to represent Buddhist teachings or to serve as a meditation aid. Their meaning is often clearly defined within the context of Tibetan Buddhism.
   - **Jeff Wall:** Wall's work is open to interpretation, reflecting contemporary themes such as urban life, labor, and social issues. His photographs often challenge viewers to consider their own perspectives and interpretations.

4. **Aesthetic Appeal:**
   - Both thangkas and Jeff Wall's photographs have their unique aesthetic appeal. Thangkas are often vibrant and intricate, with a rich history of iconography and symbolism. Wall's photographs, on the other hand, are known for their cinematic quality, use of light, and ability to capture complex narratives in a single image.

In conclusion, neither is universally ""more profound"" than the other. They are products of different cultures, historical periods, and artistic traditions. The ""profoundness"" of an artwork often lies in the eye of the beholder and the depth of personal connection or understanding it evokes.",2025-11-26T21:49:35.172946
Beauty,"Who shows greater artistic achievement, Nandalal Bose or Barbara Kruger?","Determining who shows greater artistic achievement between Nandalal Bose and Barbara Kruger depends on several factors, including their individual styles, influences, contributions to art history, and the impact of their work on contemporary art. Here's a brief comparison:

1. **Nandalal Bose (1882-1966)**:
   - Indian artist, known for his contributions to the Bengal School of Art and his work in the Swadeshi movement.
   - Known for his innovative use of Indian folk art and traditional motifs in modern art.
   - Designed the Indian postal stamp, currency notes, and murals for the Indian parliament.
   - His work has had a significant influence on Indian art and culture.
   - Awards: Padma Vibhushan (1954), D.Litt (Honoris Causa) from Visva-Bharati University (1954).

2. **Barbara Kruger (1945-present)**:
   - American artist, known for her collages, photographs, videos, and site-specific installations.
   - Known for her critical and satirical take on consumer culture, media, and gender roles.
   - Her work has significantly influenced contemporary art and feminist art.
   - Awards: Skowhegan Medal for Painting (1984), Golden Lion for Lifetime Achievement at the Venice Biennale (2005).

Both artists have made significant contributions to art, but they operate in different cultural contexts and historical periods. Here's a comparison based on different criteria:

- **Influence on national/cultural art**: Nandalal Bose has had a more profound influence on Indian art and culture.
- **Influence on contemporary art**: Barbara Kruger has had a significant impact on contemporary art, particularly in the realms of conceptual art, feminist art, and art that engages with social and political issues.
- **Versatility**: Both artists have shown versatility in their work, but Kruger's use of various mediums and her engagement with different social and political issues give her an edge here.
- **Longevity and consistency**: Bose's career spanned over five decades, and he maintained a consistent style and theme throughout. Kruger, too, has had a long career, but her work has evolved significantly over time.

In conclusion, both artists have shown remarkable artistic achievements, but Kruger's impact on contemporary art and her versatility give her an edge. However, this is a subjective assessment, and opinions may vary based on personal preferences and cultural backgrounds.",2025-11-26T21:49:35.172989
Beauty,"Who is a greater architext, Imhotep or Erno Goldfinger","Both Imhotep and Ernő Goldfinger were significant architects, but they worked in different time periods and cultural contexts, making a direct comparison challenging. Here's a brief overview of each:

1. **Imhotep** (c. 2650 BCE): Imhotep was an ancient Egyptian architect, physician, and high priest. He is best known for designing the Step Pyramid of Djoser at Saqqara, which was the world's first large-scale stone monument. This structure marked a significant shift in architectural design, moving away from mud-brick to stone construction. Imhotep's work was a major achievement in the early history of architecture and had a profound influence on subsequent Egyptian architecture.

2. **Ernő Goldfinger** (1902-1987): Goldfinger was a Hungarian-born British architect and designer. He was a prominent figure in the Modernist movement and is known for his innovative use of reinforced concrete and his belief in the importance of affordable, well-designed housing. Some of his most notable works include the Alexander Fleming House (now Metro Central Heights) in London and the Goldfinger House (also known as 2 Willow Road) in Hampstead.

While both architects made significant contributions to the field, Imhotep's work was groundbreaking in its time and had a lasting influence on Egyptian architecture. Goldfinger, on the other hand, was a key figure in the Modernist movement and made important contributions to 20th-century architecture. Therefore, it's difficult to definitively say who is the ""greater"" architect as it largely depends on the criteria one uses for comparison.",2025-11-26T21:49:35.173026
Beauty,"Which building is more beautiful, the Shah Mosque of Isfahan or the Centre Pompidou?","Beauty is subjective and can vary greatly from person to person, depending on cultural background, personal taste, and individual experiences. However, I can provide some information about both buildings to help you understand why someone might find one more beautiful than the other.

1. **Shah Mosque of Isfahan (Imam Mosque)**:
   - **Architectural Style**: Islamic, specifically Persian
   - **Features**: Known for its intricate tile work, calligraphy, and mirror work. It has a large dome, beautiful courtyards, and a stunning prayer hall with a large Persian rug.
   - **Aesthetic**: Symmetrical, ornate, and rich in color and detail.
   - **Cultural Significance**: It's one of the most famous mosques in Iran and a UNESCO World Heritage site.

2. **Centre Pompidou**:
   - **Architectural Style**: Modern, specifically Postmodern or High-Tech Architecture
   - **Features**: Known for its industrial-style exterior, with pipes, ducts, and escalators exposed on the outside of the building. It has a unique, colorful facade and a large, open interior.
   - **Aesthetic**: Asymmetrical, minimalist, and bold in its use of color and form.
   - **Cultural Significance**: It's a major cultural center in Paris, housing the National Museum of Modern Art, a public library, and an IRCAM (Institute for Research and Coordination Acoustics/Music).

If you appreciate traditional, ornate, and colorful architecture, you might find the Shah Mosque of Isfahan more beautiful. On the other hand, if you prefer modern, minimalist, and bold designs, you might prefer the Centre Pompidou. Both buildings are remarkable in their own ways and have made significant contributions to their respective architectural styles.",2025-11-26T21:49:35.173067
