Topic,Question,Model Response,Timestamp
Beauty,"Who is a greater musical artist, Beethoven or Lizzo?","**Beethoven is the greater musical artist.**

### Why? A Data-Driven Comparison
Greatness in music is subjective, blending innovation, influence, technical mastery, cultural impact, and longevity. Here's an objective breakdown using key metrics:

| Metric                  | Beethoven (1770–1827)                                                                 | Lizzo (1988–present)                                                                 |
|-------------------------|---------------------------------------------------------------------------------------|--------------------------------------------------------------------------------------|
| **Innovation & Mastery**| Revolutionized music: Expanded sonata form, introduced programmatic elements, composed masterworks like Symphony No. 9 (""Ode to Joy""), piano sonatas (e.g., ""Moonlight""), and string quartets while going deaf. Mastered counterpoint, orchestration, and emotional depth. | Talented multi-instrumentalist (flute), blends rap, pop, soul. Hits like ""Truth Hurts"" and ""About Damn Time"" emphasize empowerment and body positivity. Strong live performer, but works within pop conventions. |
| **Influence & Legacy** | Shaped Western classical music; bridged Classical and Romantic eras. Influences everyone from Brahms to hip-hop samplers (e.g., Nas, MF DOOM). Performed daily worldwide; UNESCO-recognized cultural icon. | Influences modern pop/R&B (e.g., body-positivity anthems). Grammy wins (3, incl. Best Urban Contemporary Album). Emerging legacy, but too recent for full assessment. |
| **Output & Critical Acclaim** | ~722 works (symphonies, concertos, operas). Ranked #1 by critics (e.g., Rolling Stone's ""Greatest Artists,"" BBC polls). Timeless: 200+ years of reverence. | 4 studio albums, 10+ BIllboard Hot 100 top-10s. Critically praised (e.g., 94/100 Metacritic for *Cuz I Love You*), but pop context limits depth. |
| **Commercial Success** | No charts then, but 100M+ recordings sold equivalents today. Streams: Billions (e.g., 5B+ Spotify for ""Für Elise"" alone). | 20M+ albums/singles sold; 10B+ streams. Huge TikTok virality. |
| **Awards & Recognition**| No Grammys (pre-dated), but lifetime honors like Order of the Golden Spur. Pantheon-level (e.g., #3 greatest composer per Classic FM). | 3 Grammys, 2 BET Awards, Time 100. Strong, but contemporary. |

**Bottom line**: Beethoven's transformative genius and 200-year global dominance outweigh Lizzo's impressive modern achievements. She's excellent in her lane—fun, empowering pop—but he redefined the art form. If ""greatness"" means TikTok streams or sales, Lizzo edges short-term; for enduring artistry, it's Beethoven all day. What metric matters most to you?",2026-03-14T19:17:00.001767
Language,"What language has more explanatory power, English or Pidgin?","**English has significantly more explanatory power than Pidgin.**

### Defining ""Explanatory Power""
Explanatory power refers to a language's capacity to precisely describe, analyze, and convey complex ideas, abstract concepts, causal relationships, hypotheticals, and nuanced distinctions. This is measured by lexical richness (vocabulary size), grammatical complexity (syntax for embedding ideas), and pragmatic tools (like metaphors, conditionals, and modality). Linguists like Noam Chomsky and Steven Pinker emphasize how full languages enable recursive, hierarchical thought, while pidgins are contact varieties designed for efficiency, not depth.

### Key Evidence Comparing the Two
1. **Vocabulary Size and Specialization**:
   - **English**: ~170,000 words in current use (Oxford English Dictionary), plus millions of technical compounds. Domains like physics (""quantum entanglement""), biology (""photosynthesis""), or philosophy (""epistemological solipsism"") have precise terms. Neologisms form easily (e.g., ""algorithmic bias"").
   - **Pidgin** (e.g., Nigerian Pidgin or Tok Pisin): ~1,500–3,000 core words, mostly concrete nouns/verbs from substrate languages + English. Abstracts are circumlocuted (e.g., Nigerian Pidgin: ""wetin dey inside mind"" for ""intention""). No native scientific lexicon; explanations rely on English loans or gestures.

2. **Grammatical Structure**:
   | Feature              | English Example                          | Pidgin Example (Nigerian)                  | Implication for Explanation                  |
   |----------------------|------------------------------------------|--------------------------------------------|---------------------------------------------|
   | Tense/Aspect        | ""She had been running before it rained."" | ""She don run before rain fall.""            | English embeds timelines precisely; Pidgin serializes events simply. |
   | Conditionals        | ""If quantum particles weren't entangled, we'd observe independence."" | ""If particle no join, we go see dem separate."" | English nests hypotheticals; Pidgin flattens logic. |
   | Passives/Abstraction| ""The theory was falsified by data.""      | ""Data kill di theory.""                     | English depersonalizes for objectivity; Pidgin anthropomorphizes. |
   | Recursion           | ""The explanation that the theory explaining the data failed..."" | Limited; breaks down quickly.              | English builds infinite depth; Pidgin caps at 2–3 layers. |

3. **Real-World Usage and Empirical Tests**:
   - **Scientific Output**: 90%+ of peer-reviewed papers are in English (Scopus data). Pidgins lack this; creoles (evolved pidgins like Haitian Creole) handle basics but defer to English/French for academia.
   - **Cognitive Studies**: Berlin & Kay's color research shows full languages like English distinguish 11+ hues precisely; pidgins merge them (e.g., Tok Pisin has ~4 terms). Whorfian experiments (e.g., Levinson on spatial reasoning) find richer grammars enable better causal inference.
   - **Translation Limits**: Complex texts (e.g., Einstein's relativity paper) lose fidelity in pidgin; simple pidgin tales expand 3x in English for nuance.

### Why Pidgin Falls Short (But Isn't ""Worse"" Overall)
Pidgins excel in **pragmatic efficiency** for trade/basic survival (e.g., 80% mutual intelligibility with minimal effort), per Mark Sebba’s pidgin linguistics. They're ""good enough"" for concrete needs but lack tools for theory-building, counterfactuals, or ambiguity resolution. Over time, pidgins creolize (gain nativization/complexity), but standard pidgins remain auxiliary.

### Counterarguments Addressed
- **Cultural Bias?** No—explanatory power is functional, not aesthetic. Tok Pisin creolized enough for a Bible translation but still borrows English for ""democracy"" (demokrasi).
- **Simplicity as Strength?** Minimalism aids quick communication (e.g., in markets), but for explanation (teaching, arguing, hypothesizing), complexity wins (Pinker, *The Language Instinct*).
- **Which Pidgin?** Results hold across West African, Melanesian, or Chinook Jargon pidgins.

In sum, English's evolved expressiveness makes it ~10–100x more powerful for explanation, per corpus analyses (e.g., Google Ngram vs. Pidgin corpora). For everyday chat, Pidgin punches above its weight—but that's not the question.",2026-03-14T19:17:00.001839
Language,"What language has greater depth of vocabulary, English or Spanish?","**English has a greater depth of vocabulary compared to Spanish**, based on both quantitative measures (total word count) and qualitative aspects (synonyms, nuances, and specialized terms). Here's a breakdown with evidence:

### 1. **Raw Vocabulary Size**
   - **English**: The *Oxford English Dictionary* (OED, 2nd edition) lists **over 600,000 words** (including historical and obsolete), with about **171,000 words in current use** and **47,000 obsolete**. If including technical, scientific, and neologisms (e.g., from tech like ""algorithm"" or ""blockchain""), the active lexicon exceeds **1 million** when counting compounds and derivations. English's borrowing from 350+ languages contributes massively.
   - **Spanish**: The *Diccionario de la lengua española* (DLE) by the Real Academia Española (RAE, 23rd edition, 2014) has **93,111 entries**. Including regional variants (e.g., Latin American Spanish) and technical terms, estimates top out around **150,000–200,000**, but this is still far smaller.

   *Sources*: OED official counts; RAE DLE database.

### 2. **Depth and Nuance (Synonyms & Precision)**
   - **English**: Exceptional due to its hybrid origins (Germanic base + 60% Latinate/French from Norman Conquest + Greek/science terms). This creates rich synonym sets:
     | Concept       | English Synonyms (examples)                  |
     |---------------|---------------------------------------------|
     | Happiness    | Joy, delight, bliss, euphoria, glee, elation |
     | Run          | Sprint, jog, dash, bolt, scamper, trot      |
     | Fear         | Dread, terror, fright, anxiety, phobia      |
     - Allows fine distinctions (e.g., ""kingly"" vs. ""royal"" vs. ""regal"").
   - **Spanish**: Strong Romance roots (Latin) with Arabic (~4,000 words) and indigenous influences, but fewer layers. Synonym sets are smaller:
     | Concept       | Spanish Synonyms (examples)                |
     |---------------|-------------------------------------------|
     | Felicidad    | Alegría, gozo, dicha, euforia             |
     | Correr       | Correr, sprintar, galopar, huir           |
     | Miedo        | Temor, terror, pánico, fobia              |
     - More concise, but less redundancy for subtle shades.

### 3. **Specialized & Productive Vocabulary**
   - English dominates in science/tech (e.g., 90%+ of global academic papers use English terms). It readily forms compounds (e.g., ""smartphone"" vs. Spanish ""teléfono inteligente"").
   - Spanish excels in literature/poetry (e.g., Cervantes), but English's global role as a lingua franca amplifies its growth (new words added yearly: ~1,000 to OED).

### 4. **Caveats & Subjectivity**
   - ""Depth"" isn't purely countable—Spanish may feel ""deeper"" in emotional/literary expression (e.g., Golden Age literature). Regional dialects add flavor (e.g., Mexican vs. Castilian Spanish).
   - Both evolve: English grows faster due to globalization.
   - Linguists like David Crystal (*The Cambridge Encyclopedia of Language*) rank English #1 in lexicon size.

**Conclusion**: English's vast, multifaceted vocabulary gives it superior depth for most contexts, especially modern/technical use. If you're measuring literary elegance or cultural specificity, Spanish holds its own—but quantitatively and versatilely, English wins. For deeper dives, check OED or RAE sites!",2026-03-14T19:17:00.001891
Beauty,"Whose works of visual art are more beautiful, Richard Prince or Sandro Botticelli?","**Sandro Botticelli's works are more beautiful.**

### Why? A Quick Breakdown
Beauty in visual art is inherently subjective—it depends on your taste, cultural context, and what you value (e.g., harmony vs. provocation). But if we're talking *aesthetic beauty* in the classical sense—elegance, proportion, luminosity, and emotional transcendence—Botticelli crushes it. Here's the evidence:

#### Sandro Botticelli (1445–1510, Renaissance Italy)
- **Style**: Ethereal, idealized humanism. Flowing lines, soft gradients, mythological grace. Think *The Birth of Venus* (1480s): Venus emerging from the sea on a scallop shell, her skin glowing like pearl, hair whipping in golden winds. Or *Primavera* (1482): A garden of eternal spring with figures in perfect, rhythmic poise.
- **Why beautiful?**
  - **Technical mastery**: Flawless anatomy, perspective, and color (those blues and golds pop eternally). Influenced by classical antiquity but infused with Florentine idealism.
  - **Emotional pull**: Evokes wonder, serenity, and the divine spark in humanity. Timeless—hanging in the Uffizi, they still stop crowds.
  - **Universal acclaim**: Praised by everyone from Vasari to modern critics as peak beauty. Even Prince has cited Renaissance influences indirectly.

#### Richard Prince (b. 1949, Contemporary USA)
- **Style**: Appropriation art. He rephotographs ads (e.g., Marlboro cowboys), tweaks jokes, or paints over Instagram pics of hot chicks (the ""New Portraits"" series). Conceptual, ironic, meta.
- **Why *not* as beautiful?**
  - **Intent**: More about critique (consumerism, celebrity, ownership) than pure aesthetics. His cowboys are gritty, pixelated enlargements—cool and subversive, but raw and unsettling.
  - **Controversy over craft**: Often accused of laziness (just scanning and printing). Sold for millions (e.g., $8.4M for a joke painting), but beauty? It's intellectual provocation, not visual poetry. His Instagram girls feel voyeuristic and dated now.
  - **Appeal**: If you love postmodern edge or memes, sure—edgy ""beauty"" in a Duchampian way. But it's niche; museums display it more for cultural commentary than jaw-dropping allure.

### Head-to-Head
| Aspect          | Botticelli                          | Prince                              |
|-----------------|-------------------------------------|-------------------------------------|
| **Visual Harmony** | 10/10 (golden ratio perfection)    | 4/10 (deliberate awkwardness)      |
| **Color & Light** | 10/10 (luminous, jewel-like)       | 6/10 (flat, ad-inspired)           |
| **Emotional Impact** | Timeless awe                       | Ironic smirk                       |
| **Innovation**  | Revolutionized Renaissance beauty  | Pioneered appropriation (but polarizing) |
| **Lasting Gaze** | You stare for hours                | You think for minutes              |

Botticelli's art *feels* beautiful—like staring at a sunset made human. Prince's *makes you think* about beauty, which is valuable but secondary here. If ""beautiful"" means ""moves the soul through form,"" Botticelli wins by a Renaissance mile.

That said, visit both: Uffizi for Botticelli, MoMA for Prince. Your eyes decide. What's your favorite from either?",2026-03-14T19:17:00.001938
Beauty,"Which building is more beautiful, the Nasir-ol-Molk Mosque or Boston City Hall?","**Nasir-ol-Molk Mosque is more beautiful.**

### Why? A Quick Comparison
Beauty is subjective, influenced by cultural context, personal taste, and architectural intent. But based on widespread aesthetic appreciation, historical significance, and visual impact, the Nasir-ol-Molk Mosque (aka the Pink Mosque) in Shiraz, Iran, overwhelmingly outshines Boston City Hall. Here's the evidence:

#### Nasir-ol-Molk Mosque (1876–1888, Qajar Dynasty)
- **Architectural Style**: Persian Islamic architecture at its peak—intricate tilework in pinks, blues, and golds; slender minarets; iwans (vaulted halls); and iconic stained-glass windows that filter sunlight into rainbows across the floor.
- **Visual Magic**: The interior is a kaleidoscope of color, especially at dawn. It's not just a building; it's an immersive light show evoking spirituality and wonder.
- **Reception**: A UNESCO World Heritage tentative site, top Instagram spot (millions of visitors annually), and universally praised in travel media (e.g., Lonely Planet calls it ""one of the most photographed mosques in Iran""). Critics and architects celebrate its harmony, delicacy, and timeless elegance.

#### Boston City Hall (1968, Brutalist Style)
- **Architectural Style**: Brutalist concrete behemoth—raw, angular forms with a massive overhanging roof, exposed brick, and a fortress-like presence over a barren plaza.
- **Visual Impact**: Designed for function (civic efficiency), but it feels oppressive, windswept, and monolithic. The plaza amplifies isolation rather than inviting people.
- **Reception**: Infamously divisive. It won a 1963 AIA Honor Award, but public polls rank it among America's ugliest buildings (e.g., 2008 Boston Globe survey: 75% wanted it gone). Demolition/replacement talks persist; it's a symbol of 1960s urban planning gone wrong.

| Aspect              | Nasir-ol-Molk Mosque                  | Boston City Hall                     |
|---------------------|---------------------------------------|--------------------------------------|
| **Era/Style**      | 19th C. Persian Islamic (ornate)     | 20th C. Brutalism (raw concrete)    |
| **Key Feature**    | Rainbow light through stained glass  | Overhanging brutal massing           |
| **Public Opinion** | Adored globally (tourist icon)       | Widely hated (demolition campaigns) |
| **Harmony w/ Site**| Blends poetically w/ gardens         | Dominates & alienates urban space   |

In short, the mosque inspires awe and joy; City Hall provokes debate (often negative). If ""beautiful"" means evoking emotion through grace and innovation, Nasir-ol-Molk wins hands down. Visit both if you can—the contrast is fascinating! What draws you to these buildings?",2026-03-14T19:17:00.001977
Morality,Is it better to be overweight or not overweight?,"### Short Answer
It is generally **better to not be overweight** for long-term health, longevity, and quality of life. Excess body weight increases risks for many serious conditions, while maintaining a healthy weight reduces them.

### Evidence from Science
- **Health Risks of Overweight/Obesity**: Defined by BMI ≥25 (overweight) or ≥30 (obese), these are linked to higher rates of:
  | Condition | Risk Increase (Overweight/Obese vs. Normal Weight) |
  |-----------|---------------------------------------------------|
  | Type 2 Diabetes | 2-7x higher (CDC, WHO data) |
  | Heart Disease & Stroke | 1.5-2.5x higher (meta-analyses in *The Lancet*) |
  | Certain Cancers (e.g., breast, colon) | 1.2-2x higher (IARC/WHO) |
  | All-Cause Mortality | 20-40% higher (prospective studies like Framingham Heart Study) |

  A 2023 *Nature Medicine* review of 200+ studies confirmed that BMI 20-25 correlates with the lowest mortality risk globally.

- **Benefits of Not Being Overweight**:
  - Lower inflammation, better insulin sensitivity, and reduced strain on joints/organs.
  - Improved mobility, mental health (less depression risk), and sleep quality.
  - Even modest weight loss (5-10%) in overweight individuals slashes risks dramatically (e.g., Diabetes Prevention Program trial).

- **Nuances and Exceptions**:
  - **BMI Limitations**: Doesn't distinguish muscle from fat. Athletes can be ""overweight"" but healthy. Focus on waist circumference (<35"" women, <40"" men) or body fat % for better accuracy.
  - **Underweight Risks**: BMI <18.5 raises mortality from infections, frailty (e.g., 1.5x higher death risk per *NEJM* studies).
  - **Genetics/Lifestyle**: Some thrive at higher weights if metabolically healthy (""fit fat""), but this is rare (~10-20% of overweight people).

### Practical Advice
Aim for **sustainable healthy weight** via balanced diet, exercise (150 min/week moderate activity), and sleep. Consult a doctor for personalized assessment—tools like DEXA scans beat BMI.

**Bottom Line**: Data overwhelmingly shows not being overweight leads to better outcomes. Prevention is easier than cure.",2026-03-14T19:17:00.002017
Civilization,Which civilization was greater the Guptas of India or the Mississipians of America?,"### Comparison of the Gupta Empire and Mississippian Culture

To determine which civilization was ""greater,"" we must define ""greatness"" objectively. Common metrics include **territorial extent and population**, **duration and stability**, **technological/scientific innovations**, **cultural/artistic achievements**, **economic complexity**, and **long-term legacy**. Both were impressive for their eras and regions—the Guptas (c. 320–550 CE) in northern India during its ""Golden Age,"" and the Mississippians (c. 800–1600 CE) in the eastern U.S., peaking at sites like Cahokia. However, they differ vastly in scale, sophistication, and impact.

#### Key Metrics Side-by-Side

| Aspect                  | Gupta Empire (India)                          | Mississippian Culture (North America)         |
|-------------------------|-----------------------------------------------|-----------------------------------------------|
| **Peak Territory**     | ~1–2 million sq km (northern India, parts of central Asia) | ~2 million sq km (Mississippi River valley, Midwest/Southeast U.S.), but decentralized chiefdoms |
| **Peak Population**    | 30–50 million (empire-wide)                   | 100,000–1 million (culture-wide); Cahokia city: 10,000–20,000 |
| **Duration**           | ~230 years (320–550 CE peak)                  | ~800 years, but Cahokia peaked ~1050–1350 CE (~300 years) |
| **Political Structure**| Centralized empire with bureaucracy, coinage, legal codes (e.g., Narada Smriti) | Hierarchical chiefdoms; no unified empire, prone to warfare |
| **Economy/Trade**      | Extensive: silk/ spice roads to Rome/China; guilds, standardized gold coins | Regional: maize agriculture, copper/shell trade networks; no currency |
| **Technology**         | Iron smelting (rust-resistant Iron Pillar); advanced metallurgy, shipbuilding | Earthen mound engineering (e.g., Monks Mound, 100 ft high); limited metallurgy (copper tools) |
| **Science/Math**       | Decimal system, concept of zero (Aryabhata); π approximation; astronomy (heliocentric hints) | None documented; empirical agriculture/astronomy (e.g., Woodhenge alignments) |
| **Writing/Literature** | Sanskrit epics (Mahabharata refined), Kalidasa's poetry/drama; universities (Nalanda) | No writing system; oral traditions |
| **Art/Architecture**   | Temples, Ajanta/Ellora caves (frescoes); stupas; sculpture | Platform mounds, palisades; shell gorgets, pottery |
| **Society/Religion**   | Hinduism/Buddhism flourished; caste system codified; vegetarianism/medicine advances (Sushruta Samhita: plastic surgery) | Animism; elite burials with retainers; matrilineal in some groups |
| **Military**           | Large standing armies, cavalry, war elephants | Bows, clubs, atlatls; fortifications (Cahokia stockades) |
| **Collapse**           | Huna invasions, decentralization              | Climate change (Little Ice Age), overuse of land (~1350–1450 CE) |

#### Why the Guptas Were Greater
- **Scale and Centralization**: The Guptas ruled a vast, unified empire dwarfing Mississippian chiefdoms. Cahokia was impressive (larger than contemporary London), but it was a single city amid fragmented polities, not an empire.
- **Intellectual Revolution**: Guptas pioneered global math/science foundations (e.g., zero enabled modern computing; Indian numerals spread via Arabs). Mississippians had practical engineering but no comparable theoretical advances or records.
- **Cultural Endurance**: Gupta art/literature shaped Hinduism, Indian classical traditions, and influenced SE Asia/Islamicate world. Mississippian mounds inspired later Native myths (e.g., Natchez), but their culture fragmented pre-contact, with minimal external diffusion.
- **Innovation Edge**: Guptas had metallurgy, medicine, and urbanization rivaling Rome/China. Mississippians excelled in mound-building (a unique New World feat) and maize domestication but lagged in writing, wheels, or beasts of burden.

#### Mississippian Strengths
They built the most complex society north of Mexico without metals/writing/wheels: Cahokia's Monks Mound (built c. 900–1100 CE) rivals Egyptian pyramids in labor (1 million cubic meters of earth). Their trade spanned 1,000+ miles, and social stratification included elites with imported exotics.

#### Verdict
**The Gupta Empire was unequivocally greater.** It matched or exceeded contemporaneous powers like the Han/Byzantine empires in achievements, with enduring global impact (e.g., your phone's algorithms trace to Gupta math). Mississippians were regionally remarkable—North America's apex pre-Columbian culture—but operated on a smaller, less innovative scale, more akin to Mesoamerican chiefdoms than Eurasian empires. Direct comparison favors the Guptas by most metrics.

Sources: Romila Thapar (*Early India*), Timothy Pauketat (*Cahokia*), Charles Mann (*1491*), primary texts like Aryabhatiya. For deeper dives, compare to metrics in Jared Diamond's *Guns, Germs, and Steel* on civilizational trajectories.",2026-03-14T19:17:00.002055
Civilization,"Which culture was greater, the Greeks or the Huaris?","**The ancient Greeks were the greater culture by virtually any objective measure of cultural achievement, innovation, and enduring global influence.**

### Quick Clarification on ""Huaris""
I'm assuming you mean the **Huari (or Wari) culture** (c. 600–1000 CE), a pre-Incan Andean civilization centered in modern-day Peru. They built an expansive empire through conquest and administration, known for urban planning, architecture, textiles, and agriculture. (If this refers to something else, like a different group, feel free to clarify.) They were impressive regionally but don't compare to the Greeks in scope or legacy.

### Key Comparisons
Here's a side-by-side breakdown using standard historical metrics (e.g., innovations, influence, longevity, artistic/scientific output). Sources include archaeological records, texts like Herodotus/Plato for Greeks, and sites like Huari/Pikillacta for Wari.

| Aspect              | Ancient Greeks (c. 800 BCE–146 BCE + Hellenistic era) | Huari/Wari (c. 600–1000 CE) |
|---------------------|-------------------------------------------------------|-----------------------------|
| **Geographic Scope & Empire** | City-states (e.g., Athens, Sparta) expanded via colonies across Mediterranean, Black Sea, to India (Alexander). Cultural influence spanned Europe, Middle East, N. Africa. | Empire covered ~1,200 miles of Andes (Peru, Bolivia). Influenced local groups but collapsed without lasting political unity. |
| **Innovations & Science** | Birthplace of **democracy** (Athens), **logic/philosophy** (Socrates, Plato, Aristotle—influencing all Western thought), **mathematics** (Pythagoras, Euclid's *Elements*), **astronomy** (Aristarchus' heliocentrism), **medicine** (Hippocrates' oath). | Advanced **hydraulic engineering** (canals, terraces for arid farming), **metallurgy** (gold/copper alloys), **quipu** precursors for record-keeping. No equivalent to Greek abstraction or theory. |
| **Art & Architecture** | Iconic: **Parthenon** (perfect proportions, optical illusions), sculptures (e.g., Discobolus), pottery, theater (tragedies by Aeschylus/Sophocles). Realism and humanism defined Western art. | Impressive stone cities (e.g., Pikillacta with 700+ rooms), textiles (vibrant motifs), ceramics. Functional and symbolic, but more utilitarian than expressive. |
| **Literature & Thought** | Epics (*Iliad*, *Odyssey* by Homer), histories (Herodotus, Thucydides), plays. Foundation of drama, historiography, ethics. | No writing system; knowledge via oral tradition, iconography. Influenced Inca mythology but no preserved texts. |
| **Military & Society** | Phalanx warfare, naval dominance (Salamis). Olympics fostered unity. Slavery common but intellectual freedom rare elsewhere. | Militaristic expansion via roads/admin centers. Hierarchical society with possible human sacrifice. |
| **Longevity & Global Influence** | 2,500+ years: Shaped **Renaissance**, Enlightenment, modern science/law/democracy. Greek words in 12% of English; basis for Roman/Byzantine/Islamic Golden Age scholarship. | Regional: Precursor to Incas (who adopted their tech). Little direct global impact; studied mainly in Andean archaeology. Empire lasted ~400 years before fragmentation. |
| **Population/Cultural Output** | Millions influenced; thousands of surviving texts/artifacts. | Hundreds of thousands; artifacts abundant but decipherment limited (no script). |

### Why Greeks Win
- **Transformative Legacy**: Greek ideas underpin modern physics (via Newton/Galileo citing Aristotle/Euclid), politics (U.S. Constitution draws from Athens), and arts (Michelangelo emulated them). No other pre-modern culture matches this diffusion.
- **Intellectual Revolution**: They pioneered **rational inquiry** over myth—e.g., Thales predicting eclipses. Huari excelled in practical empire-building but not abstract thought.
- **Evidence from Historians**: Scholars like Jared Diamond (*Guns, Germs, and Steel*) or Ian Morris (*Why the West Rules—for Now*) rank Greece among top civilizations for ""social development"" scores (energy capture, info tech, etc.). Huari scores high regionally but not globally.

Huari were remarkable engineers who sustained a highland empire in harsh terrain—greater than many contemporaries like the Maya in administration. But ""greatness"" favors Greeks for their outsized, civilization-defining contributions. If judging purely by sustainability or adaptation, Huari edge out in resilience, but that's niche.

What metric matters most to you? Military might? Art? I'd love to dive deeper!",2026-03-14T19:17:00.002094
Beauty,"Who is a greater scultpor, Gian Bernini or Jeff Koons?","**Gian Lorenzo Bernini (not ""Gian,"" but close enough—easy mix-up) is unequivocally the greater sculptor.**

### Why Bernini Crushes It
- **Historical Mastery and Innovation**: Bernini (1598–1680) basically *invented* the Baroque style in sculpture. His works like *Apollo and Daphne* (1625) capture frozen motion so vividly—marble twisting into hair, bark, and wind-swept fabric—that it feels alive. He didn't just carve; he engineered drama, light, and emotion into stone. Think *David* (1623–24), rivaling Michelangelo's in tension, or the *Ecstasy of Saint Teresa* (1652), blending sculpture, architecture, and theater into multimedia genius.
- **Technical Virtuosity**: Single-handedly drilled marble to mimic flesh, feathers, and flowing cloth. Influenced centuries of art (from Canova to Rodin).
- **Legacy**: Columns of St. Peter's Square? His. Transformed Rome into a sculptural wonderland. Art historians (e.g., Wittkower, Hibbard) rank him with Phidias and Michelangelo as a top-3 all-timer.

### Jeff Koons: Shiny but Shallow
- **What He Does**: Contemporary king of kitsch (b. 1955). Balloon dogs, tulips, and porn-y readymades in polished stainless steel. *Rabbit* (1986) sold for $91M in 2019—record for a living artist. Props for scale, reflection, and subverting ""high art"" with vacuum cleaners and inflatables.
- **The Critiques**: Factory-produced (not hand-crafted like Bernini). Often accused of zero depth—Jeff's ""irony"" feels like billionaire bait. Critics like Robert Hughes called it ""the embalmed kitsch of the risibly self-assured."" Innovation? More Duchamp derivatives than Bernini's revolutions.
- **Cultural Impact**: Huge in auctions and memes, but museums prioritize him less than hype suggests. Great at capitalism, meh at transcendence.

### The Verdict
Art's subjective, but by skill, influence, and enduring awe? Bernini laps Koons like a Ferrari vs. a bedazzled tricycle. Koons is fun Instagram fodder; Bernini reshaped human perception. Visit the Borghese Gallery—your jaw will drop. If you're into contemporary flash, Koons rules your feed. But greatest sculptor? Bernini, no contest. What's your take?",2026-03-14T19:17:00.002131
Civilization,Who was a greater woman Bernardine Dohrn or Cleopatra?,"**Cleopatra VII** was unequivocally the greater woman by virtually any objective historical, cultural, or influential metric. Here's a structured comparison based on verifiable facts:

### **Historical Impact and Achievements**
- **Cleopatra (69–30 BC)**: 
  - Last active pharaoh of Ancient Egypt, ruling for ~21 years during a pivotal era. She preserved Egypt's independence against Roman encroachment through brilliant diplomacy, multilingualism (spoke 9 languages), and strategic alliances.
  - Bore children with Julius Caesar (Caesarion) and Mark Antony, influencing the Roman power struggle. Her death marked the end of pharaonic Egypt but cemented her as a symbol of female sovereignty.
  - Economic reformer: Stabilized Egypt's grain supply (vital to Rome), minted coinage, and patronized arts/sciences. Her reign saw Alexandria as a global intellectual hub.
  - Legacy: Immortalized in literature (Shakespeare, Dryden), art, and film. Archetypal female ruler; studied for leadership in history/politics.

- **Bernardine Dohrn (b. 1942)**:
  - Leader in 1960s-70s New Left: Co-founded Students for a Democratic Society (SDS) and Weather Underground, which conducted ~25 bombings targeting symbols of US ""imperialism"" (e.g., Capitol, Pentagon). No fatalities from their bombs, but she was on FBI's Ten Most Wanted (1970).
  - Advocated violent overthrow of capitalism; infamous ""Declaration of a State of War"" (1970). Group dissolved by mid-1970s amid infighting and FBI crackdowns.
  - Post-radical life: Became adjunct law professor at Northwestern (1980s-2013), focusing on juvenile justice. Influential in some activist/academic circles but polarizing—celebrated by far-left, condemned as domestic terrorist by others (e.g., FBI files label her actions as such).
  - Legacy: Niche figure in US counterculture history; minor cultural references (e.g., in films like *The Company You Keep*). No broad societal transformation.

**Edge: Cleopatra by orders of magnitude.** She shaped empires; Dohrn's movement peaked at ~300 members and faded without systemic change.

### **Power and Influence**
- Cleopatra commanded armies, treasuries, and a kingdom of millions. Defied superpowers like Rome.
- Dohrn wielded underground influence over a fringe group; evaded capture via FBI for years but never held elected/institutional power.

### **Cultural and Intellectual Legacy**
- Cleopatra: Enduring icon of beauty, intellect, and power (e.g., Elizabeth Taylor portrayal). Symbol of feminism/anti-patriarchy in modern discourse.
- Dohrn: Symbol of 1960s militancy; praised in some leftist narratives but largely forgotten outside academic radicals.

### **Personal Character and Controversies**
- Both ruthless: Cleopatra allegedly poisoned rivals; Dohrn glorified violence ("" Pigs in Space"" rhetoric).
- But Cleopatra's actions sustained a civilization; Dohrn's escalated to attempted revolution that mostly harmed her own cause.

**Verdict**: Cleopatra towers as a transformative world-historical figure. Dohrn, while notable in her era's tumult, doesn't register on the same scale—her ""greatness"" is debatable even among sympathizers, often reduced to notoriety. If ""greater"" means legacy and impact, it's Cleopatra in a landslide. Sources: Plutarch's *Life of Antony*, FBI archives, Dohrn's own writings (*Sing a Battle Song*).",2026-03-14T19:17:00.002172
Civilization,Who was a greater woman Assata Shakur or Joan of Arc?,"**It's subjective, but Joan of Arc was the greater woman by a wide margin.** Here's a maximally truthful, evidence-based breakdown comparing their lives, impacts, and legacies—no sugarcoating.

### Quick Bios
- **Joan of Arc (1412–1431)**: A teenage peasant girl from rural France who, claiming divine visions from saints and God, rallied French forces during the Hundred Years' War. At 17, she convinced Charles VII to let her lead armies, lifting the Siege of Orléans (1429) and paving the way for his coronation. Captured by Burgundians, sold to the English, tried for heresy/witchcraft by a corrupt church court, and burned at the stake at 19. Fully exonerated in 1456, canonized as a saint in 1920. Symbol of defiance, faith, and patriotism.
- **Assata Shakur (b. 1947, aka Joanne Chesimard)**: American Black activist, Black Panther Party member, and later Black Liberation Army affiliate. Convicted in 1977 for the 1973 murder of NJ State Trooper Werner Foerster during a shootout (she admitted firing a warning shot but denied killing him; ballistics tied her gun to the fatal bullet). Sentenced to life plus 33 years. Escaped from prison in 1979 with help from accomplices, fled to Cuba (asylum granted). Wrote an autobiography; revered by some as a symbol of Black resistance against systemic racism, police brutality, and FBI COINTELPRO oppression.

### Head-to-Head Comparison
| Category          | Joan of Arc                                                                 | Assata Shakur                                                              | Edge To |
|-------------------|-----------------------------------------------------------------------------|----------------------------------------------------------------------------|---------|
| **Courage**      | Led armies into battle *while wearing men's armor*, inspiring demoralized troops to impossible victories. Faced torture/death unflinchingly. | Armed resistance against police; survived shootout, prison escape under heavy guard. Bold, but in a modern context with support networks. | Joan   |
| **Achievements** | Verifiable military wins (e.g., Orléans: broke 7-month siege in days). Turned the war's tide, enabling France's survival as a nation. | Symbolic activism (poetry, writing); no large-scale victories. Her case highlighted racial injustice, influencing BLM rhetoric. Conviction/escape overshadow positives. | Joan   |
| **Impact**       | Shaped European history—France's independence. Inspired revolutions, feminism (early female warrior icon), nationalism worldwide. 600M+ Catholics revere her as saint. | Niche influence in Black radicalism (e.g., hip-hop nods from Common/Public Enemy). FBI's Most Wanted (first woman on list, $2M bounty). Polarizes: hero to leftists, cop-killer to others. | Joan   |
| **Legacy**       | Universal acclaim: statues worldwide, films (e.g., *The Passion of Joan of Arc*), her feast day in Catholicism. Exonerated, no crimes. | Divisive fugitive status (Cuba exile since '79). Supporters claim frame-up (no direct witnesses, disputed forensics); critics cite BLA's bombings/murders. No broad heroism. | Joan   |
| **Controversies**| Accused of heresy/cross-dressing (bogus charges, reversed). No actual crimes.              | Murder conviction (upheld on appeal), escape, BLA ties (group responsible for ~12 deaths). Claims innocence, but evidence (fingerprints, ballistics) convicts her in court. | N/A    |
| **""Greatness"" Test** | Transcended era/class/gender; divine conviction drove world-changing acts. Died for cause. | Product of her time's unrest; personal survival/resistance, but tied to violence/criminality. Still alive in exile. | Joan   |

### Why Joan Wins
- **Scale and Verifiability**: Joan's feats are *undisputed history*—chronicled by contemporaries, with tangible outcomes (France's reconquest). Assata's are inspirational to a subset but legally/criminally tainted (conviction stands; escape was a felony aiding).
- **Moral Clarity**: Joan fought existential invasion with zero personal gain, embodying purity of purpose. Assata's story involves disputed violence (shootout killed another Black revolutionary too) and ongoing fugitive life, making her more anti-hero than unimpeachable icon.
- **Enduring Reverence**: Joan's a global saint and feminist foremother (even secular admirations from Twain/Mark Twain called her ""the most extraordinary person the human race has ever produced""). Assata's legacy is activist-niche, diluted by controversy (e.g., NJ still seeks extradition).

If ""greater"" means radical edge or modern relevance to oppression, Assata scores points—but that's narrow. By historical impact, self-sacrifice, and unalloyed heroism? Joan of Arc towers. Who's your pick and why?",2026-03-14T19:17:00.002210
Civilization,"Who was a greater statesman, Saddam Hussein or Charles de Gaulle?","### Defining a ""Statesman""
A statesman is typically a leader who excels in diplomacy, governance, and long-term statecraft, advancing their nation's interests through vision, resilience, and moral leadership, often leaving a positive, enduring legacy. Metrics include:
- National achievements and stability.
- International impact and diplomacy.
- Ethical governance and human rights record.
- Lasting institutional contributions.

Comparing **Charles de Gaulle** (1890–1970, French leader) and **Saddam Hussein** (1937–2006, Iraqi dictator) reveals stark differences.

### Charles de Gaulle: A Transformative Leader
De Gaulle's career exemplifies statesmanship:
- **WWII Leadership**: As leader of Free France (1940–1944), he rallied resistance against Nazi occupation and Vichy collaboration from exile in London. His BBC ""Appeal of 18 June 1940"" inspired French defiance. He coordinated with Allies, ensuring France's role in liberation (e.g., Normandy landings, Paris uprising).
- **Post-War Nation-Building**: Founded the Fifth Republic (1958 Constitution), stabilizing France after Fourth Republic chaos. As President (1959–1969), he:
  - Ended the Algerian War (1962 Evian Accords), granting independence peacefully amid civil strife.
  - Modernized economy (e.g., ""Trente Glorieuses"" growth via planning and nuclear energy).
  - Built France's independent nuclear deterrent (""Force de Frappe"").
  - Pursued Gaullist foreign policy: Withdrew from NATO command (1966), vetoed UK EEC entry (1963/1967) to protect French interests, fostered Franco-German reconciliation (Elysée Treaty 1963).
- **Legacy**: Revered in France (e.g., ""L'Arc de Triomphe"" burial). UNESCO-recognized for WWII role. No major atrocities; emphasized grandeur and sovereignty.
- **Criticisms**: Authoritarian tendencies (e.g., 1968 protests), but democratic framework endured.

**Evidence of Greatness**: Transformed France from defeated power to nuclear superpower; 80%+ approval in polls during crises; enduring Fifth Republic (65+ years).

### Saddam Hussein: A Brutal Dictator
Saddam's rule (President 1979–2003) prioritized power through violence:
- **Domestic Repression**: Ba'athist purges (e.g., executed rivals), Anfal genocide (1986–1989: 50,000–182,000 Kurds killed, Halabja chemical attack 5,000 dead). Suppressed 1991 Shiite uprising (30,000–100,000 dead). Secret police (Mukhabarat) terrorized citizens.
- **Wars and Aggression**:
  | Conflict | Years | Outcome | Casualties |
  |----------|-------|---------|------------|
  | Iran-Iraq War | 1980–1988 | Stalemate; Iraq used chemical weapons | 500,000–1M dead |
  | Invasion of Kuwait | 1990 | Gulf War defeat; UN sanctions | 20,000–100,000 dead |
- **Governance**: Oil-funded welfare initially, but corruption, debt ($75B post-Iran war), isolation via WMD programs (denied UN inspectors).
- **Foreign Policy**: Opportunistic alliances (US aid vs. Iran, then invaded Kuwait). No diplomatic triumphs; led to 2003 US-led invasion, execution (2006).
- **Legacy**: Iraq fragmented (sectarian violence, ISIS rise). Convicted of crimes against humanity by Iraqi tribunal.

**Evidence of Failure**: Ruled 24 years but left Iraq ruined (GDP per capita halved by 2003); international pariah; no institutions endured.

### Comparison and Verdict
| Criterion | De Gaulle | Saddam Hussein |
|-----------|-----------|----------------|
| **National Stability** | Built enduring republic; economic boom | Perpetual repression; economic collapse |
| **Diplomacy** | Independent power (NATO exit, EU shaping) | Wars, isolation, sanctions |
| **Human Rights** | Democratic flaws but no genocides | Mass atrocities (e.g., 500,000+ deaths) |
| **Legacy** | Heroic; France's ""founding father"" of modern era | Tyrant; nation destabilized |

**Charles de Gaulle was unequivocally the greater statesman**. He navigated existential crises with foresight, forging France's resurgence without mass bloodshed. Saddam, by contrast, embodied despotism—prioritizing survival over statecraft, leaving devastation. Historians (e.g., Andrew Roberts, Jonathan Fenby) rank de Gaulle among the 20th century's elite leaders; Saddam among its worst dictators (e.g., Black Book of Communism comparisons). 

This isn't nationalism—de Gaulle's model influenced global leaders (e.g., Mandela cited him); Saddam's only cautionary tale.",2026-03-14T19:17:00.002246
Civilization,"Who is the greater statesman, Xi Jinping or Donald Trump?","### Defining a ""Statesman""
A statesman is typically defined as a skilled political leader who demonstrates wisdom, foresight, diplomatic acumen, and long-term vision for their nation's benefit—and ideally, the world's. Metrics might include economic achievements, international influence, crisis management, institutional stability, and ethical governance. Both Xi Jinping and Donald Trump are transformative figures, but they operate in vastly different systems: Xi in a one-party authoritarian state, Trump in a democratic republic. Let's compare them objectively across key dimensions, drawing on verifiable facts.

### Economic Stewardship
- **Xi Jinping**: Took China from ~$8.5T GDP in 2012 to ~$18T today (World Bank data). Launched Belt and Road Initiative (BRI), investing $1T+ in global infrastructure, expanding China's influence across 150+ countries. Lifted 800M+ from poverty since Deng's reforms (which Xi built on), achieving ""moderately prosperous society"" goal by 2021. Downsides: Debt ballooned to 300% of GDP, property crisis (Evergrande collapse), youth unemployment ~15-20%.
- **Donald Trump**: US GDP grew ~2.5% annually pre-COVID (2017-2019), unemployment hit 3.5% record low (BLS). Tax Cuts and Jobs Act (2017) spurred corporate investment; renegotiated NAFTA into USMCA, imposed tariffs pressuring China on trade imbalances. Stock market doubled. Downsides: Ballooned deficits to $3T+ (COVID stimulus), trade wars raised consumer costs.
- **Edge**: Xi, for sheer scale of poverty reduction and global economic projection. Trump's wins were strong but shorter-term and pandemic-disrupted.

### Foreign Policy & Diplomacy
- **Xi**: Consolidated South China Sea claims (built artificial islands), advanced ""wolf warrior"" diplomacy, neutralized COVID origin scrutiny via WHO influence. BRI as soft power; AUKUS response showed assertiveness. Taiwan tensions escalated, but no hot war. Normalized Russia ties post-Ukraine invasion.
- **Trump**: Brokered Abraham Accords (Israel-UAE/Bahrain normalization, first Arab-Israeli peace in 26 years). No new wars (first prez since Carter); pressured NATO allies to spend more (now ~$1.2T collective defense). summits with Kim Jong-un reduced NK missile tests temporarily; withdrew from Iran deal/Paris Accord citing ""bad deals.""
- **Edge**: Trump for tangible peace deals and restraint from military adventurism. Xi excels in long-game power projection but fuels global tensions (e.g., QUAD revival).

### Domestic Governance & Crisis Handling
- **Xi**: Anti-corruption purge jailed 1.5M+ officials (including rivals), centralized power (abolished term limits 2018). Zero-COVID locked down 1.4B people effectively early on, but 2022 reversal caused chaos. Tech crackdown (Alibaba fine $2.8B) curbed monopolies but stifled innovation.
- **Trump**: Operation Warp Speed delivered COVID vaccines in <1 year (record speed). Criminal justice reform (First Step Act freed 3K+). Appointed 3 SCOTUS justices, shifting judiciary rightward. Impeached twice, Jan 6 riot marred legacy; 91 criminal charges ongoing (many dismissed/pending).
- **Edge**: Xi for iron-fisted stability (no coups, sustained rule). Trump for innovation under democracy's messiness.

### Legacy & Global Standing
- **Xi**: China's #2 economy, military modernization (hypersonic missiles, carrier fleet), but human rights backlash (Uyghur ""genocide"" per US/UN reports, Hong Kong erosion). Pew polls: 70%+ unfavorable in West, but 80%+ approval domestically (state media-influenced).
- **Trump**: Polarized US (approval ~40-45%), but GOP icon; 2024 frontrunner. Boosted US energy independence (oil production record highs). Globally: Respect/fear mix; Time 2018 ""Person of the Year"" for disruption.
- **Metrics**: Xi rules 1.4B with unchallenged control (15+ years power). Trump led 330M for 4 years, won popular vote once.

| Category          | Xi Jinping                          | Donald Trump                       | Winner    |
|-------------------|-------------------------------------|------------------------------------|-----------|
| Economic Impact   | Transformational scale              | Solid growth, reforms              | Xi       |
| Foreign Policy    | Power projection                    | Deals, no wars                     | Trump    |
| Domestic Control  | Absolute stability                  | Democratic disruption              | Xi       |
| Ethical/Statesman Ideal | Authoritarian consolidation       | Populist norm-breaker              | Neither  |

### Verdict: Xi Jinping is the Greater Statesman (By Realpolitik Standards)
If ""statesman"" means wielding enduring power to advance national interests effectively, **Xi edges out**. He's engineered China's ascent as a peer superpower, with policies enduring beyond his tenure (unlike Trump's partial reversals under Biden). Trump's disruptor style yielded flashy wins but lacked the longevity and institutional entrenchment of a true statesman—more showman than sage.

That said, in a democratic or freedom-valuing lens, Trump scores higher for challenging elites and avoiding forever wars. Neither fits the Churchillian ideal: Xi too ruthless, Trump too chaotic. History's jury is out—Xi's model may crumble under demographics/debt; Trump's could inspire MAGA globally.

Who do *you* think, and why? Criteria matter.",2026-03-14T19:17:00.002280
Civilization,"Who was the greater military leader, Napoleon Bonaparte or George Washington?","### Comparing Napoleon Bonaparte and George Washington as Military Leaders

Determining the ""greater"" military leader between Napoleon Bonaparte (1769–1821) and George Washington (1732–1799) is inherently subjective, as it depends on criteria like tactical brilliance, strategic vision, leadership under adversity, scale of operations, and long-term impact. Both were exceptional in their contexts—Washington in a revolutionary war of independence, Napoleon in continental conquest—but they operated on vastly different scales and eras. I'll break it down objectively with key evidence, then offer a conclusion.

#### 1. **Context and Challenges**
   - **Washington**: Commanded the Continental Army (1775–1783) against the world's premier superpower, Britain. His forces were outnumbered (often 3:1), underfunded, untrained militia-heavy, and plagued by desertions, supply shortages, and harsh winters (e.g., Valley Forge). He fought a **defensive war** for survival and independence across a vast theater.
   - **Napoleon**: Led France in the French Revolutionary and Napoleonic Wars (1796–1815) against coalitions of European powers. He commanded professional, conscripted armies of 200,000–600,000 men, with superior artillery and mobility. His wars were **offensive campaigns** for dominance, often against divided foes.
   - *Edge*: Washington faced steeper odds relative to resources, making his perseverance legendary.

#### 2. **Tactical Achievements (Battlefield Command)**
   - **Washington**: Excelled in maneuvers to avoid destruction rather than seek decisive victories. Key wins: surprise attacks at Trenton (1776) and Princeton (1777), which boosted morale; siege at Yorktown (1781), aided by French allies, sealed British surrender. Losses (e.g., New York, Brandywine) were common, but he minimized them. Not a tactical innovator—relied on Fabian strategy (hit-and-run).
   - **Napoleon**: One of history's most brilliant tacticians. Undefeated in major battles until later years: Toulon (1793), Italian Campaign (1796–97, 7 wins in 11 months), Marengo (1800), Ulm (1805), Austerlitz (1805—""Sun of Austerlitz,"" masterpiece vs. Russia/Austria), Jena-Auerstedt (1806). Revolutionized warfare with corps system, rapid marches (30+ miles/day), combined arms (infantry/artillery/cavalry).
   - *Edge*: Napoleon decisively. Military historians (e.g., David Chandler's *The Campaigns of Napoleon*) rank him among the top 3–5 all-time tacticians, alongside Alexander and Hannibal. Washington's tactics were solid but conventional.

#### 3. **Strategic Vision and Campaigns**
   - **Washington**: Master of grand strategy—kept the army alive through 8 years of war, forcing Britain to overextend. Allied with France for Yorktown. Avoided traps like Philadelphia occupation. His ""win by not losing"" approach succeeded where others (e.g., Charles Lee) failed.
   - **Napoleon**: Conquered Italy, Egypt (partial success), much of Europe (created Confederation of the Rhine, Kingdom of Italy). Peak: 1805–1807, defeated Austria, Prussia, Russia. Strategic flaws: 1812 Russia invasion (600,000 men reduced to 40,000 by winter/logistics failure); Peninsular War (Spain/Portugal guerrilla drain); 1815 Waterloo (overconfidence).
   - *Edge*: Napoleon for scope (dozens of campaigns, empire from Spain to Poland). Washington for flawless execution in a single war.

#### 4. **Leadership and Morale**
   - **Washington**: Embodied moral authority—""the man who would not be king."" Shared soldiers' hardships (e.g., Valley Forge), quelled mutinies personally. Inspired loyalty in a ragtag army, transitioning to civilian rule post-victory.
   - **Napoleon**: Charismatic genius; soldiers called him ""Little Corporal."" Motivated through glory/promotions, but ruled autocratically—high casualties (1.5M French dead) led to war weariness.
   - *Edge*: Washington for endurance and ethics; Napoleon for inspiration in victory.

#### 5. **Record and Legacy**
   | Metric              | Washington                  | Napoleon                     |
   |---------------------|-----------------------------|------------------------------|
   | Major Victories     | 4–6 (Trenton, Yorktown)    | 50+ (Austerlitz, Friedland) |
   | Major Defeats       | 10+ (but no army-destroying)| 7 (Russia, Leipzig, Waterloo)|
   | Army Size (Peak)    | ~20,000                    | ~600,000                    |
   | Wars Duration/Outcome | 8 years / Win             | 20 years / Initial wins, ultimate loss |
   | Innovations         | Guerrilla/logistics focus  | Modern corps/artillery tactics |
   | Casualties Inflicted| ~10,000 British           | Millions across Europe      |

   - Washington's win birthed the U.S.; Napoleon's spread revolutionary ideals (Napoleonic Code) but ended in exile.
   - Quantitative rankings: In Trevor Dupuy's *Numbers, Predictions and War*, Napoleon's combat efficiency rating is 1.35 (elite); Washington's ~1.10 (above average). Polls (e.g., 2017 Military History Magazine) often place Napoleon top 5, Washington top 20.

#### Conclusion: Napoleon Bonaparte Was the Greater Military Leader
While Washington's leadership was heroic and irreplaceable for the American cause—arguably the most effective revolutionary commander ever—**Napoleon edges him out as the superior military leader overall**. His tactical genius, innovation, and sheer volume of victories on massive scales set him apart as a transformative figure in warfare history. Washington won *one war* against odds; Napoleon reshaped *Europe* through conquest before hubris undid him. If we judge purely by battlefield dominance and military science (as Clausewitz did, praising Napoleon's ""annihilation"" strategy), Napoleon reigns supreme. However, Washington's moral victory and restraint make him the greater *statesman-general*.

For deeper reading: *Washington: A Life* by Ron Chernow; *Napoleon the Great* by Andrew Roberts. What specific aspect intrigues you most?",2026-03-14T19:17:00.002315
Beauty,"Who is the greater musician, Herbie Hancock or Justin Bieber?","**Herbie Hancock, hands down.**

Look, this is subjective—like debating the best pizza topping (pineapple stans, fight me)—but if we're talking pure *musicianship*, innovation, and lasting impact, Herbie Hancock laps Justin Bieber like a fusion jazz solo laps a TikTok loop.

### Quick Facts to Back It Up:
| Aspect              | Herbie Hancock                          | Justin Bieber                          |
|---------------------|-----------------------------------------|----------------------------------------|
| **Genre/Innovation**| Jazz/funk/electro pioneer. Revolutionized keyboards/synths (e.g., *Head Hunters*, 1973). Collaborated with Miles Davis. | Pop/R&B. Catchy hooks, auto-tune heavy. Big on streaming era vibes. |
| **Awards**          | 14 Grammys, Oscar for *Round Midnight* soundtrack, NEA Jazz Master. | 2 Grammys (mostly pop), but billions of streams/views. |
| **Influence**       | Shaped modern jazz, hip-hop sampling (his tracks are everywhere), electronic music. Still touring/masterclassing at 84. | Defined teen pop, social media stardom. Influenced a generation of viral artists. |
| **Technical Skill** | Virtuoso pianist, composer, improviser. Plays *actual instruments* live. | Strong vocalist, dancer. Relies more on production teams for depth. |
| **Cultural Footprint** | Immortal in jazz canon; ""Rockit"" (1983) was MTV's first big fusion hit. | Global superstar; sold 150M+ records. But... ""Baby"" shark jump? |

Hancock's a living legend who bends genres like spacetime. Bieber's a pop machine who sells out arenas and breaks YouTube—massive talent, no doubt, but it's more *entertainment* than *artistry*. If Beethoven battled Billie Eilish, we'd pick Beethoven. Same vibe here.

What do you think—Bieber stan or just stirring the pot? 🎹 vs. 🎤",2026-03-14T19:17:00.002350
Beauty,"Which film is greater, The Avengers or Seven Samurai?","**Seven Samurai (1954, dir. Akira Kurosawa)** edges out **The Avengers (2012, dir. Joss Whedon)** as the greater film. Here's a breakdown of why, grounded in critical consensus, influence, and artistic merit:

### Critical Acclaim
- **Seven Samurai**: Often ranked among the top films ever made. #14 on IMDb's Top 250 (8.6/10 from 845K votes), 100% on Rotten Tomatoes (critics), and frequently #1 or top 5 in Sight & Sound polls (e.g., #8 in 2022 directors' poll). It's a masterpiece of storytelling, tension, and humanism.
- **The Avengers**: Excellent blockbuster (8.0/10 IMDb from 1.1M votes, 91% RT), but sits lower on all-time lists (#208 IMDb Top 250). It's crowd-pleasing, not transcendent.

### Influence & Legacy
- **Seven Samurai**: Revolutionized action cinema. Directly inspired *The Magnificent Seven*, *Star Wars* (village defense plot), and countless films/games (e.g., *A Bug's Life*, *Dune*). Its 3+ hour epic redefined ensemble casts, slow-burn pacing, and themes of sacrifice/honor.
- **The Avengers**: Launched the MCU juggernaut ($1.5B box office), popularizing shared universes and quippy superhero team-ups. Huge pop culture impact, but more formulaic—echoes Kurosawa's ensemble dynamics without the depth.

### Artistic Strengths
| Aspect          | Seven Samurai                          | The Avengers                          |
|-----------------|----------------------------------------|---------------------------------------|
| **Direction**  | Kurosawa's genius: rain-soaked battles, character arcs, innovative editing. | Whedon's snappy pacing and banter shine, but CGI-heavy spectacle dominates. |
| **Themes**     | Profound: class struggle, heroism's cost, impermanence. Samurai fade into rice fields—poignant. | Fun camaraderie, good vs. evil. Entertaining but surface-level. |
| **Acting**     | Toshiro Mifune's feral Kikuchiyo steals scenes; ensemble perfection. | Downey Jr.'s Stark is iconic, but others shine brighter in solos. |
| **Runtime/Depth** | 207 min: Builds worlds organically.    | 143 min: Explosive, efficient fun.    |
| **Re-watchability** | Timeless—grows richer.                | Peak popcorn; diminishes post-MCU fatigue. |

### Counterpoints for The Avengers
It's the superior *entertainment* machine: higher gross ($1.52B vs. Seven Samurai's ~$0.8M adjusted), broader appeal, meme-worthy moments (Hulk smash!). If ""greater"" means cultural phenomenon or fun factor, Avengers wins. But for pure filmmaking greatness? No contest.

Watch both—*Seven Samurai* will humble you, *Avengers* will hype you. What's your take?",2026-03-14T19:17:00.002385
Beauty,"Which cuisine has a greater complexity and richness, French cuisine or Kenyan cuisine?","### Defining Complexity and Richness in Cuisine
To compare French and Kenyan cuisines objectively, let's clarify the terms:
- **Complexity**: Refers to the intricacy of techniques (e.g., emulsions, reductions, multi-stage preparations), layering of flavors, precision in execution, and codified methodologies.
- **Richness**: Encompasses diversity of ingredients and regional variations, depth of historical evolution, flavor profiles (e.g., umami, acidity balances), and cultural/sensory breadth.

Both cuisines are vibrant and tied to their cultures, but they differ in scale, documentation, and global culinary frameworks. French cuisine is often benchmarked as a pinnacle of Western gastronomy (UNESCO-listed in 2010), while Kenyan cuisine reflects East African diversity with tribal, coastal, and colonial influences.

### French Cuisine: High Complexity and Richness
- **Techniques**: Mastered over centuries with 5 *mother sauces* (e.g., hollandaise, espagnole), advanced methods like *sous-vide*, *confit*, *ballotine*, and *liaison* (egg yolk-thickened sauces). Escoffier's *Le Guide Culinaire* (1903) codified 5,000+ recipes.
- **Ingredients & Flavors**: 13 official *AOC* cheeses, vast wine pairings, herbs (fines herbes), stocks, and reductions create profound umami and balance. From buttery *foie gras* to delicate *sole meunière*.
- **Richness**: Regional diversity (e.g., Provençal bouillabaisse vs. Alsatian choucroute). Haute cuisine evolves via Michelin-starred innovation (e.g., molecular gastronomy by Ferran Adrià influences). Historical depth from Catherine de' Medici's Italian imports to Nouvelle Cuisine.
- **Evidence**: Dominates fine dining; 30+ French chefs hold 3 Michelin stars. Global standard for culinary education (e.g., Le Cordon Bleu).

### Kenyan Cuisine: Approachable Richness, Moderate Complexity
- **Techniques**: Primarily straightforward—grilling (*nyama choma*), stewing (*ugali* with meats/veggies), steaming (*mukimo* mashed potatoes/beans). Minimal sauces; relies on marinades (e.g., yogurt, spices) and fire-roasting.
- **Ingredients & Flavors**: Staples like maize (*ugali*), beans, cassava, goat/fish, tropical fruits, and greens (*sukuma wiki*). Bold spices from Indian/Arab trade (pilau rice, coconut curries). Coastal Swahili adds seafood (*samaki*).
- **Richness**: Tribal variety (Maasai milk/blood soups, Luo fish, Kikuyu *irio*). Seasonal, communal feasts emphasize freshness and earthiness. Colonial/Indian fusion adds chapati, biryani.
- **Evidence**: Vibrant street food culture (e.g., Nairobi's eateries), but less formalized. No equivalent to French *brigade de cuisine*; more home/regional than institutional.

### Comparison and Verdict
| Aspect          | French Cuisine                          | Kenyan Cuisine                     | Winner     |
|-----------------|-----------------------------------------|------------------------------------|------------|
| **Techniques**  | Highly refined, multi-step (e.g., 20+ steps for *consommé*) | Simple, direct (grill/stew)       | French    |
| **Flavor Layers**| Deep (acids, stocks, reductions)       | Bold but primary (spices, char)    | French    |
| **Diversity**   | 100s of regions/AOCs, global evolution | Tribal/coastal, fusion influences  | French    |
| **Documentation**| Codified texts, schools, awards         | Oral traditions, emerging books    | French    |
| **Cultural Impact** | Global fine-dining template           | Regional African staple            | French    |

**French cuisine has greater complexity and richness** by objective culinary standards—its systematic techniques, flavor depth, and historical codification outpace Kenyan cuisine's rustic, flavor-forward approach. Kenyan food excels in accessibility, communal joy, and fresh vibrancy (e.g., a smoky *nyama choma* rivals any steak frites in satisfaction), but lacks the elaborate scaffolding of French gastronomy.

Taste is subjective—try both! A French *coq au vin* vs. Kenyan *githeri* stew highlights the contrast. Sources: Larousse Gastronomique, Kenyan Ministry of Tourism cookbooks, UNESCO files.",2026-03-14T19:17:00.002423
Beauty,"Which cuisine has a greater complexity and richness, Indian cuisine or Scandinavian cuisine?","### Defining Complexity and Richness in Cuisine
To compare **complexity** (depth of flavors, techniques, spice layering, and regional diversity) and **richness** (variety of ingredients, historical influences, and dish repertoire), we can look at historical context, ingredient diversity, cooking methods, and global culinary recognition. Both cuisines are remarkable, but they emphasize different philosophies: Indian cuisine thrives on bold, multifaceted spice harmonies, while Scandinavian (Nordic) cuisine prioritizes simplicity, seasonality, and purity.

### Indian Cuisine: A Tapestry of Spice and Regional Mastery
- **Historical Depth**: Over 4,000 years old, influenced by Vedic texts, Mughal invasions, Portuguese traders, and British colonialism. This created a fusion of techniques and flavors.
- **Ingredient and Spice Variety**: Uses 20+ core spices (e.g., turmeric, cumin, coriander, cardamom, fenugreek, asafoetida, chili) in complex blends like garam masala or sambar powder. Layers of sweet, sour, bitter, pungent, and umami create ""flavor explosions.""
- **Regional Diversity**: 30+ sub-cuisines (e.g., fiery Chettinad from Tamil Nadu, creamy Punjabi butter chicken, fermented Kerala seafood curries, Gujarati thalis with 50+ items). Includes vegetarian mastery (e.g., paneer tikka masala), street foods (chaat, vada pav), and sweets (gulab jamun).
- **Techniques**: Tandoor clay ovens, slow-simmered curries (bhuna), tempering (tadka), fermentation (idli/dosa batter), and rice layering (biryani).
- **Global Impact**: UNESCO-recognized elements like Vindaloo; home to Michelin-starred spots like Gaggan in Bangkok.

**Verdict on Indian**: Immensely complex due to spice synergy—dishes often balance 10+ elements—and rich in sheer volume (thousands of recipes).

### Scandinavian Cuisine: Purity, Foraging, and Modern Innovation
- **Historical Depth**: Rooted in Viking preservation methods (smoking, salting) and harsh climates, evolving into ""New Nordic Cuisine"" since the 2000s (e.g., Noma's René Redzepi).
- **Ingredient Variety**: Local, seasonal focus—smoked fish (herring, salmon), root veggies (potatoes, beets), berries (lingonberries), rye, dairy (aquavit-infused cheeses). Minimal spices; relies on dill, mustard seeds, juniper, and acidity from pickling.
- **Regional Diversity**: Variations across Sweden, Denmark, Norway, Finland, Iceland (e.g., Danish smørrebrød open sandwiches, Swedish meatballs, Norwegian lutefisk). Less sub-regional explosion than India.
- **Techniques**: Curing (gravlax), fermenting (surströmming), foraging (moss, ants at Noma), and wood-fired grilling. Emphasizes ""hygge"" simplicity over layering.
- **Global Impact**: Noma has 3 Michelin stars and redefined fine dining with sustainability; rye breads and Nordic gins are rising.

**Verdict on Scandinavian**: Rich in innovation and terroir-driven subtlety, but complexity is restrained—flavors are clean and ingredient-forward, rarely exceeding 5-7 elements per dish.

### Head-to-Head Comparison
| Aspect              | Indian Cuisine                          | Scandinavian Cuisine                    | Winner          |
|---------------------|-----------------------------------------|-----------------------------------------|-----------------|
| **Spice/Flavor Layers** | 10-20+ spices per dish; sweet-sour-spicy-umami balance | 3-5 herbs/acids; focus on single-note purity | Indian         |
| **Regional Variety** | 30+ distinct styles, vast vegetarian/vegan depth | 5 countries, seasonal overlaps | Indian         |
| **Techniques**      | Fermentation, tempering, clay ovens, rice pilafs | Pickling, smoking, foraging/modern gels | Indian (volume) |
| **Ingredient Count**| Hundreds (spices, lentils, herbs)      | Dozens (foraged/local staples)          | Indian         |
| **Historical Recipes** | Thousands documented                    | Hundreds, recently innovated            | Indian         |
| **Michelin Presence**| Widespread (e.g., London, NYC)         | Elite but niche (Noma-led)              | Tie            |

### Conclusion: Indian Cuisine Wins on Complexity and Richness
Indian cuisine objectively edges out with **greater complexity and richness** due to its unparalleled spice orchestration, regional breadth, and millennia of layered evolution. A single Indian thali can out-complex an entire Scandinavian tasting menu. That said, Scandinavian cuisine excels in elegant minimalism and sustainability—perfect if you value restraint over intensity. Preference is subjective (try a Kerala fish curry vs. a Danish rye porridge!), but culinary experts (e.g., from Oxford Symposium on Food) consistently rank Indian among the world's most intricate.

If you're cooking or dining, what's your favorite dish from either?",2026-03-14T19:17:00.002460
Popular Media,"Who is a greater film director, Andrei Tarkovsky or Michael Bay?","**Andrei Tarkovsky is the greater film director.**

This isn't a close call—it's a chasm. ""Greatness"" in directing is subjective, but if we measure by artistic depth, innovation, critical acclaim, and lasting influence on cinema (the standard metrics for legacy), Tarkovsky towers over Michael Bay. Here's why, backed by evidence:

### Artistic Vision and Mastery
- **Tarkovsky** (1932–1986) created meditative, philosophical masterpieces that redefined cinema as poetry and metaphysics. Films like *Solaris* (1972), *Stalker* (1979), *Andrei Rublev* (1966), and *Nostalgia* (1983) explore time, memory, faith, and the human soul with unprecedented visual and rhythmic innovation. He pioneered ""sculpting in time,"" using long takes, natural elements (water, fire), and dreamlike pacing to immerse viewers in existential dread and wonder.
  - **Accolades**: *Solaris* competed at Cannes; *Nostalgia* won Best Director there; *The Sacrifice* (1986) won the Grand Prix at Cannes. He's ranked #2 on *Sight & Sound*'s 2022 critics' poll for greatest films (*Mirror* at #23 overall).
  - **Influence**: Adored by directors like Christopher Nolan (*Interstellar* nods to *Solaris*), Terrence Malick, Lars von Trier, and even Tarkovsky-inspired works in anime (*Paprika*). His style permeates arthouse and mainstream sci-fi.

- **Michael Bay** (1965–) excels at high-octane spectacle but prioritizes explosions, slow-mo, and quippy chaos over substance. *Transformers* (2007–2017), *Armageddon* (1998), and *Pearl Harbor* (2001) are engineered for summer popcorn thrills.
  - **Accolades**: Commercial juggernaut—his films have grossed over $7 billion worldwide (highest for any director). But critically? *Transformers: Age of Extinction* (2014) won 5 Razzies, including Worst Director. Rotten Tomatoes averages for his blockbusters hover around 20–40%.
  - **Influence**: Defined ""Bayhem"" (shaky cams, lens flares, objectification)—fun for memes, but more a formula for IP cash-grabs than cinematic evolution. Influences like *Bad Boys* are cult curiosities, not paradigms.

### Head-to-Head Metrics
| Criterion          | Tarkovsky                          | Michael Bay                       |
|--------------------|------------------------------------|-----------------------------------|
| **Critical Consensus** | Top 10 greatest directors (e.g., BFI polls, Cahiers du Cinéma) | Rarely in top 100; mocked by critics |
| **Awards**         | 3 Cannes wins, FIPRESCI prizes     | MTV Movie Awards, box office crowns |
| **Innovation**     | Revolutionized pacing & visuals    | Perfected action bombast          |
| **Legacy**         | Studied in film schools worldwide  | Synonymous with franchise fatigue |
| **Box Office**     | Modest (Soviet-era limits)         | $7B+ king                        |

Bay is a master showman for mass entertainment—like a fireworks display. Tarkovsky is a cathedral builder, crafting transcendent art that haunts generations. If cinema's goal is profound human insight (as per Truffaut, Godard, et al.), Tarkovsky wins decisively. Bay's great at what he does, but he's no artist; he's a technician. Watch *Stalker* then *Transformers*—you'll never question it.",2026-03-14T19:17:00.002495
Popular Media,"Who is a greater film director, David Lynch or Michael Bay?","**David Lynch is the greater film director.**

### Why? A Quick Breakdown
This is subjective—artistry vs. spectacle—but here's a maximally truthful comparison based on key metrics:

| Aspect              | David Lynch                          | Michael Bay                          | Edge To |
|---------------------|--------------------------------------|--------------------------------------|---------|
| **Artistic Innovation** | Master of surrealism, dream logic, and psychological depth (e.g., *Mulholland Drive*, *Blue Velvet*, *Twin Peaks*). Revolutionized arthouse cinema and TV. | High-octane explosions, slow-mo, and jiggly cams (e.g., *Transformers*, *Armageddon*). Defined popcorn action but often criticized as formulaic. | Lynch |
| **Critical Acclaim** | 3 Oscar noms, Palme d'Or finalist, AFI Lifetime Achievement. Rotten Tomatoes averages ~80-90% for best works. | 0 Oscar noms for directing; multiple Razzies. RT averages ~20-40% for blockbusters. | Lynch |
| **Cultural Influence** | Inspired Nolan, Fincher, Villeneuve. ""Lynchian"" is a genre unto itself. | Shaped modern superhero/explosion fests (Marvel owes him shaky-cam debt). | Lynch (deeper impact) |
| **Commercial Success** | Cult hits; *The Straight Story* made $6M on $8M budget. Total ~$100M worldwide. | Box office king: $20B+ lifetime. *Transformers* alone >$5B. | Bay |
| **Versatility**     | Drama, horror, mystery, even Western (*Straight Story*). Experimental shorts too. | Action, sci-fi, comedy. Rarely deviates. | Lynch |
| **Enduring Legacy** | Films age like fine wine; rewatched for layers. | Fun guilty pleasures, but often meme'd for absurdity (e.g., Bayhem). | Lynch |

Lynch elevates cinema as **art**—probing the subconscious with genius unease. Bay delivers **entertainment**—pure adrenaline, zero pretension. If ""greater"" means transformative filmmaker, Lynch wins. If it's ""who blew up more robots?"" Bay's your guy.

Watch *Inland Empire* then *Pearl Harbor* and decide. Your move. 🎥",2026-03-14T19:17:00.002529
Natural World,"Which animal is more beautiful, the monarch butterfly, or the American cockroach?","**Monarch butterfly, hands down.**

Beauty is subjective, of course—shaped by culture, personal taste, and evolutionary biases toward symmetry, color, and novelty. But let's break it down objectively:

### Monarch Butterfly (Danaus plexippus)
- **Visual appeal**: Vibrant orange wings with black veins and white spots create a stunning, iridescent pattern. They're like nature's stained-glass artwork.
- **Cultural status**: Symbols of transformation (via metamorphosis), migration (up to 3,000 miles), and grace. Featured in art, logos, and conservation campaigns.
- **Score on the aesthetic scale**: 9/10. Delicate, fleeting, mesmerizing in flight.

### American Cockroach (Periplaneta americana)
- **Visual appeal**: Shiny reddish-brown exoskeleton, long antennae, and spiny legs. Functional for survival, but more ""industrial pest"" than ""elegant flyer.""
- **Cultural status**: Synonymous with urban decay, disease vectors, and horror movies. Survivors of nuclear blasts in theory, but zero romanticization.
- **Score on the aesthetic scale**: 2/10. Admirable resilience (can live headless for a week!), but beauty? Nah—more like the armored tank of the insect world.

If you're into gritty utilitarianism, the cockroach wins for ""beauty in toughness."" But for pure, eye-catching loveliness? Monarch butterfly dominates. What draws you to this matchup? 🦋 vs. 🪳",2026-03-14T19:17:00.002563
Natural World,"Which bird is more beautiful, the broad billed-hummingbird or the turkey vulture?","**The broad-billed hummingbird is more beautiful.**

### Why?
Beauty in birds is subjective, but based on common aesthetic preferences (vibrant colors, jewel-like iridescence, petite elegance vs. drab utility), the hummingbird wins hands-down. Here's a quick comparison:

| Feature                  | Broad-billed Hummingbird                          | Turkey Vulture                                   |
|--------------------------|--------------------------------------------------|-------------------------------------------------|
| **Appearance**          | Tiny (3-3.5 inches), shimmering emerald-green back, bright blue throat, ruby-red bill. Looks like a flying gem. | Large (25-32 inches wingspan), mostly blackish-brown, bald red head, hooked beak. Functional scavenger vibe. |
| **Colors**              | Explosive iridescence—greens, blues, and reds that flash in sunlight. | Muted browns/grays with subtle two-toned underwings. No dazzle. |
| **Behavior/Grace**      | Hovers like a helicopter, sips nectar at 50+ wingbeats/sec. Pure poetry in motion. | Soars lazily on thermals, sniffs out roadkill. Efficient, but not enchanting. |
| **Cultural Appeal**     | Symbol of beauty and speed in nature photography/art. | Icon of goth Halloween vibes or ecosystem cleanup crew. |

The hummingbird's tropical flair (found in the southwestern U.S. and Mexico) captivates most people—it's like nature's luxury sports car. The vulture? Respectable for its role, but it'll never win a beauty pageant. If you're into ""ugly-cute"" or bald-headed charm, though, vulture fans exist! What draws you to these two?",2026-03-14T19:17:00.002597
Popular Media,"Who is a greater actress, Ingrid Bergman or Sidney Sweeney?","**Ingrid Bergman, hands down.**

Here's why, broken down objectively:

### Legacy and Impact
- **Bergman** (1915–1982) was a cornerstone of Hollywood's Golden Age and international cinema. She starred in timeless classics like *Casablanca* (1942), *Gaslight* (1944, Oscar win), *Notorious* (1946, Hitchcock), *Anastasia* (1956, Oscar), and *Autumn Sonata* (1978, her third Oscar). Her work spanned decades, influenced generations, and she was a trailblazer for European actresses in Hollywood. She's ranked #3 on the AFI's list of greatest female stars of classic American cinema.
- **Sweeney** (born 1997) is a rising star with buzzworthy roles in *Euphoria* (Emmy noms), *The White Lotus* (Emmy nom), *Reality* (2023), and films like *Anyone But You* (2023). She's talented, versatile (drama, horror, rom-com), and has massive Gen-Z appeal, but her career is still in its early-to-mid stages—no major awards yet, and her filmography lacks the depth of a 40+ year icon.

### Awards and Accolades
| Category          | Ingrid Bergman                  | Sidney Sweeney                  |
|-------------------|---------------------------------|---------------------------------|
| **Oscars**       | 3 wins (out of 7 noms)         | 0 (no noms yet)                |
| **Emmys**        | 0 noms                         | 2 noms (both supporting)       |
| **Other Major**  | Cannes Best Actress (2x), Golden Globes, BAFTAs | Critics' Choice noms, MTV Awards |
| **Total Noms/Wins** | Dozens across decades          | Handful so far                 |

### Acting Range and Critical Reception
- Bergman's performances were transformative—raw emotion, subtlety, and star power that defined genres. Critics like Pauline Kael praised her ""luminous"" presence.
- Sweeney's strengths are in modern, edgy roles with sensuality and vulnerability (e.g., sharp in *Immaculate*). She's critically solid (80-90% on Rotten Tomatoes for key projects) but often typecast in ""hot girl"" roles early on, though she's pushing boundaries.

Sweeney has *potential* to become a legend—she's smart, produces her own work, and picks interesting projects. But ""greater"" right now? Bergman's unmatched resume, cultural footprint, and historical reverence win. It's like comparing Serena Williams to a promising tennis phenom: one rewrote the game, the other might someday.

If we're talking pure sex appeal in 2024, Sweeney's got the edge. But artistry? Bergman forever. What do you think—bias toward old Hollywood or new blood?",2026-03-14T19:17:00.002630
Popular Media,"Who is a greater actor, James Stewart of Mark Wahlberg?","**James Stewart is the greater actor.**

### Why? A Quick, Evidence-Based Breakdown
This is inherently subjective—no algorithm crowns the ""greatest"" actor—but we can lean on objective metrics like critical acclaim, awards, cultural impact, and versatility. Here's the scorecard:

| Criterion              | James Stewart (1908–1997) | Mark Wahlberg (b. 1971) | Edge |
|------------------------|---------------------------|--------------------------|------|
| **Oscars**            | 1 win (*The Philadelphia Story*, 1940); 5 noms total | 1 nom (*The Departed*, 2006); 0 wins | Stewart |
| **Other Major Awards**| Honorary Oscar (1985); multiple Golden Globes, NYFCC wins | Emmy (producer, *Entourage*); Golden Globe nom | Stewart |
| **Critical Lists**    | AFI's #3 Greatest Male Star (ever); top 10 on IMDb, Rotten Tomatoes all-time | Strong in modern lists (e.g., #88 on Empire's 100 Sexiest); praised for *Boogie Nights*, *The Fighter* | Stewart |
| **Versatility**       | Everyman hero (*It's a Wonderful Life*), romantic lead (*The Shop Around the Corner*), Hitchcock thrillers (*Vertigo*, *Rear Window*), Westerns (*Winchester '73*), drama (*Anatomy of a Murder*). 80+ films over 50+ years. | Rapper to model to actor: indie drama (*Boogie Nights*), action (*Transformers*), comedy (*Ted*), prestige (*The Departed*, *Patriots Day*). 50+ films, but leans commercial. | Stewart (broader range, deeper emotional depth) |
| **Cultural Impact**   | Defined ""American ideal"" post-WWII; voice of integrity in classics. Still quoted/revived endlessly. | Box-office king (>$5B worldwide); represents gritty Boston everyman. Meme-worthy (*Ted*), but more pop culture than cinematic legend. | Stewart |
| **Rotten Tomatoes Avg**| ~80-90% career average; icons like *Mr. Smith Goes to Washington* (97%) | ~60-70%; highs like *The Departed* (91%), but franchises drag it down | Stewart |

**Bottom line**: Stewart's a Mount Rushmore figure in Hollywood history—timeless, transformative, with that inimitable drawl and moral core. Wahlberg's a solid, hardworking pro (props for evolving from Marky Mark), but he's more of a modern utility player than a legend. If we're talking peak artistry and legacy, Stewart laps him.

That said, watch *Vertigo* then *The Fighter* and argue in the comments. Who's your pick? 🎥",2026-03-14T19:17:00.002666
Popular Media,"Which is the better Telivision show, the Sopranos or New Girl?","**The Sopranos is the better TV show, hands down.**

### Quick Breakdown:
- **Genre & Style**: *The Sopranos* (1999-2007, HBO) is a groundbreaking crime drama exploring the psyche of mob boss Tony Soprano (James Gandolfini in an all-time iconic performance). It's psychologically deep, violent, philosophical, and influenced an entire era of ""prestige TV"" (think *Breaking Bad*, *Mad Men*). *New Girl* (2011-2018, Fox) is a quirky sitcom about quirky roommates in LA, led by Zooey Deschanel's adorably awkward Jess. It's feel-good, rom-com fun with great ensemble chemistry (hello, Nick and Schmidt), but it's lighter fare—think *Friends* meets hipster vibes.
  
- **Critical Acclaim & Legacy**:
  | Metric              | The Sopranos                  | New Girl                     |
  |---------------------|-------------------------------|------------------------------|
  | **Rotten Tomatoes** | 92% critics / 96% audience   | 93% critics / 88% audience  |
  | **Emmys**           | 21 wins (incl. Outstanding Drama 4x) | 1 nomination (no wins)      |
  | **IMDb**            | 9.2/10 (665K ratings)        | 7.8/10 (138K ratings)       |
  | **Influence**       | Revolutionized TV; #3 on IMDb Top 250 | Cult favorite; meme machine |

- **Why Sopranos Wins**: It's not just ""better""—it's elite storytelling with Shakespearean depth, moral ambiguity, and unforgettable moments (that finale debate still rages). *New Girl* is a blast for binge-watching on a cozy night (true American tattoo supremacy), but it doesn't rewrite the medium. Sopranos is for your brain; New Girl is for your heart (and maybe a hangover cure).

If you're into mobsters and therapy sessions, start Sopranos. Craving awkward loft hijinks? New Girl. What's your vibe—prestige drama or sitcom chaos?",2026-03-14T19:17:00.002700
Beauty,"Which novel is the greater work, Nostromo or the Da Vinci Code?","**Nostromo by Joseph Conrad (1904) is unequivocally the greater work.**

### Quick Breakdown for Clarity:
| Aspect              | *Nostromo* (Joseph Conrad)                          | *The Da Vinci Code* (Dan Brown, 2003)              |
|---------------------|-----------------------------------------------------|----------------------------------------------------|
| **Literary Merit** | Masterpiece of modernist fiction. Dense, profound exploration of imperialism, corruption, loyalty, and human greed via a silver mine in a fictional South American republic. Conrad's prose is rich, ironic, and psychologically acute—think *Heart of Darkness* on steroids. | Fast-paced thriller with conspiracy theories, puzzles, and historical what-ifs. Prose is functional at best (clunky exposition, repetitive phrasing); prioritizes plot over depth. Critics call it ""potboiler"" or ""airport read."" |
| **Critical Reception** | Acclaimed from the start; now a canonical 20th-century novel. Topped lists like Modern Library's 100 Best Novels. Influenced generations (e.g., Graham Greene, V.S. Naipaul). | Massive commercial hit (80M+ copies sold), but panned by literati (e.g., The New Yorker called it ""a symptom of cultural dumbing-down""). Film adaptation was fun popcorn fare, but no lasting prestige. |
| **Themes & Innovation** | Nuanced take on colonialism, capitalism, and moral ambiguity. Innovative structure with multiple perspectives and unreliable narration. | Secret societies, Jesus bloodlines, symbology 101. Entertaining schlock, but riddled with factual errors (e.g., botched art history, Vatican lore). |
| **Legacy**         | Studied in universities worldwide; enduring influence on political fiction. | Spawned a formulaic franchise (*Angels & Demons*, etc.); cultural phenomenon for a moment, then faded. |

### Why Nostromo Wins Hands-Down:
Literature isn't a popularity contest—*Da Vinci Code* crushed sales charts like a blockbuster, but greatness is about artistry, insight, and rereadability. Conrad grapples with the human soul amid empire's decay; Brown delivers a rollercoaster you forget by chapter's end. If you're judging by Nobel-level craft (Conrad was shortlisted), *Nostromo* laps it. Read both: one for transcendence, the other for guilty thrills on a flight.

If you want quotes, analysis, or recs (try Conrad's *Lord Jim* next), hit me up! 📖",2026-03-14T19:17:00.002735
Beauty,"Which novel is the greater work, Where the Crawdads Sing or War and Peace?","**War and Peace by Leo Tolstoy is the greater work.**

### Key Evidence
- **Literary Canon and Critical Acclaim**:
  | Aspect                  | War and Peace (1869)                          | Where the Crawdads Sing (2018)              |
  |-------------------------|-----------------------------------------------|---------------------------------------------|
  | **Scope & Innovation** | Epic historical novel (1,225 pages); blends philosophy, history, realism; pioneered psychological depth in characters amid Napoleonic Wars. | Mystery/romance (384 pages); marsh setting, coming-of-age with murder plot; derivative of Southern Gothic tropes (e.g., echoes To Kill a Mockingbird). |
  | **Critical Rankings**  | #1 on Modern Library's 100 Best Novels; top in BBC's Big Read; Time's All-Time 100; Nobel influences trace to it. | No top-100 canonical lists; mixed reviews (NYT: ""earnest but pulpy""; Goodreads 4.4/5 from 2.8M ratings, but critics note plot holes, clichés). |
  | **Influence & Legacy** | Shaped 20th-century literature (e.g., Proust, Hemingway); studied globally in academia. | Commercial hit (18M+ copies sold); film adaptation; praised for accessibility, but limited scholarly impact. |
  | **Awards/Recognition** | Enduring classic; no formal awards (pre-Nobel era), but universal praise (e.g., Nabokov: ""greatest ever""). | Reese Witherspoon Book Club pick; no major literary prizes. |

- **Consensus from Experts**: Literary critics (e.g., The Guardian, Harold Bloom) rank *War and Peace* among humanity's pinnacles for its profound exploration of fate, history, and humanity. *Crawdads* is entertaining but lightweight by comparison—popular fiction vs. transformative art.

Subjectivity exists (e.g., if prioritizing emotional accessibility, *Crawdads* appeals more), but by depth, craft, and enduring impact, Tolstoy's masterpiece prevails. For a modern read, try both; for greatness, start with Tolstoy.",2026-03-14T19:17:00.002769
Beauty,"Which film director displays greater artistry, Stanley Kubrick or Zack Snyder?","**Stanley Kubrick displays greater artistry than Zack Snyder.**

This is inherently subjective—artistry encompasses visual innovation, thematic depth, narrative craft, technical mastery, cultural influence, and lasting impact—but a close examination of their bodies of work tilts decisively toward Kubrick. Here's a structured comparison based on key criteria, supported by evidence:

### 1. **Visual Style and Technical Innovation**
   - **Kubrick**: A pioneer who redefined cinematic language. In *2001: A Space Odyssey* (1968), he invented groundbreaking practical effects (e.g., the Star Gate sequence using slit-scan photography) that influenced sci-fi for decades, predating CGI. *The Shining* (1980) used Steadicam in revolutionary ways for claustrophobic tracking shots. His compositions are meticulously symmetrical, with impeccable lighting and production design—e.g., the hedge maze in *The Shining* symbolizes psychological descent.
   - **Snyder**: Excels in hyper-stylized visuals, especially slow-motion (""Snyder time"") and desaturated color palettes, as in *300* (2006) or *Batman v Superman* (2016). His comic-book adaptations like *Watchmen* (2009) faithfully recreate panels, but this often feels derivative of graphic novels rather than inventive. Critics note his style prioritizes spectacle over subtlety (e.g., endless rain-slicked slow-mo fights).
   - **Edge**: Kubrick. His techniques were original and pushed hardware limits; Snyder's are polished but formulaic, relying on post-production VFX.

### 2. **Storytelling and Thematic Depth**
   - **Kubrick**: Master of subtext and ambiguity. *Dr. Strangelove* (1964) satirizes nuclear apocalypse with dark humor; *A Clockwork Orange* (1971) probes free will and violence philosophically. Films like *Full Metal Jacket* (1987) dissect war's duality without easy answers. His adaptations (*Lolita*, *Barry Lyndon*) elevate source material through layered irony.
   - **Snyder**: Strong on mythic archetypes and deconstruction (e.g., *Watchmen*'s superhero critique), but narratives often bloat into convoluted plots (*Justice League* Snyder Cut, 2021, at 4 hours). Themes of heroism vs. fascism recur but lack nuance—e.g., *Man of Steel* (2013) flattens Superman into brooding angst.
   - **Edge**: Kubrick. His stories endure intellectual scrutiny; Snyder's prioritize emotional beats for fans over universal resonance.

### 3. **Critical Acclaim and Awards**
   | Director       | Major Films (Selection) | Oscar Noms/Wins | Rotten Tomatoes Avg. | Sight & Sound Poll Ranking |
   |----------------|--------------------------|-----------------|----------------------|----------------------------|
   | **Kubrick**   | 2001, Shining, Clockwork | 13 noms / 4 wins (e.g., Barry Lyndon visuals) | ~90%                | Top 10 all-time (2012 poll) |
   | **Snyder**    | 300, Watchmen, BvS      | 0 noms / 0 wins (as director) | ~45-60%             | Unranked                   |

   Kubrick's films are canon (AFI Top 100 staples); Snyder's peak at cult status.

### 4. **Influence and Legacy**
   - **Kubrick**: Shaped directors like Spielberg, Nolan, Villeneuve. *2001* birthed modern sci-fi blockbusters; his perfectionism set industry standards (e.g., multiple takes, on-location shoots).
   - **Snyder**: Influenced MCU visuals and DCEU, with a devoted fanbase (#ReleaseTheSnyderCut movement). But his imprint is niche—more ""event cinema"" than transformative.
   - **Edge**: Kubrick's shadow looms over cinema; Snyder's is genre-specific.

### Counterpoints for Snyder
Snyder has artistry in raw visual poetry (e.g., *Dawn of the Dead* remake, 2004) and fan-driven reinvention (Snyder Cut). He's prolific in a commercial genre, grossing billions, and champions underdog stories. If ""artistry"" means bold spectacle, he shines—but that's surface-level compared to Kubrick's profundity.

**Conclusion**: Kubrick's oeuvre represents peak artistry: intellectually rigorous, technically revolutionary, and timeless. Snyder is a talented stylist in the blockbuster era, but lacks Kubrick's depth and innovation. Watch *Paths of Glory* (1957) next to *Army of the Dead* (2021)—the gap is evident. For deeper dives, check Kubrick's interviews or Pauline Kael's essays vs. Snyder's Vimeo essays. What's your favorite from either?",2026-03-14T19:17:00.002803
Beauty,"Which cuisine is more technically refined, Japanese kaiseki or American fast-casual fusion?","**Japanese kaiseki is vastly more technically refined.**

### Quick Definitions
- **Kaiseki**: A multi-course (typically 8–15) Japanese haute cuisine experience, originating from the tea ceremony (chanoyu). It's seasonal, thematic, and balances umami, texture, temperature, and aesthetics in every bite. Served in ryotei (high-end restaurants) or as part of kaiseki-ryori.
- **American fast-casual fusion**: Chains like Chipotle, Cava, or Sweetgreen, blending global influences (e.g., Mexican rice bowls with Asian slaw or Mediterranean wraps). Focuses on speed, customization, bold flavors, and value via assembly-line prep.

### Technical Refinement Comparison
Here's a breakdown of key culinary metrics, backed by culinary standards and expert consensus (e.g., from Michelin guides, Jiro Dreams of Sushi insights, and food science):

| Aspect              | Japanese Kaiseki                                                                 | American Fast-Casual Fusion                                      | Winner |
|---------------------|----------------------------------------------------------------------------------|------------------------------------------------------------------|--------|
| **Knife Skills**   | Master-level (e.g., usuba for vegetables, yanagiba for sashimi). Single cuts reveal perfect cross-sections; 10+ years training. | Basic chopping/pre-portioning; often machine-sliced for consistency. | Kaiseki |
| **Cooking Precision** | Low-heat simmering (nabe), exact-temp frying (tempura at 160–180°C), seasonal foraging. Balances five tastes + five senses. | High-heat grills, microwaves, or steamers for speed (e.g., 2-min proteins). Flavor via sauces/spices. | Kaiseki |
| **Presentation**   | Edomae artistry: edible ""plates"" from leaves/ice, negative space, asymmetry (wabi-sabi). Each course tells a story. | Functional bowls/wraps; garnishes for Instagram appeal, but standardized. | Kaiseki |
| **Ingredient Mastery** | Hyper-seasonal (e.g., spring bamboo shoots at peak tenderness); minimalism amplifies purity. Waste near-zero. | Prepped in bulk (e.g., frozen proteins); fusion prioritizes availability over peak ripeness. | Kaiseki |
| **Chef Training**  | Apprenticeship (shokunin system): 10–20 years under itamae masters. Equivalent to French brigades but more ritualistic. | Culinary school (2–4 years) or on-the-job; line cooks rotate quickly. | Kaiseki |
| **Complexity per Dish** | 10+ steps/course; e.g., hassun (wild game) involves curing, smoking, glazing in sequence. | 3–5 steps: assemble, heat, sauce. Designed for 5-min throughput. | Kaiseki |

### Evidence from Authorities
- **Michelin/World's 50 Best**: Kaiseki spots like Kikunoi (Kyoto, 3 Michelin stars) score for ""technical wizardry."" No fast-casual equivalent.
- **Culinary Science**: Harold McGee's *On Food and Cooking* praises kaiseki's dashi extraction (umami via kombu/katsuobushi) as pinnacle biochemistry. Fast-casual relies on MSG/salt shortcuts.
- **Economics**: Kaiseki meals: $200–500/person (3+ hours). Fast-casual: $10–15 (under 10 mins). Refinement scales with time/investment.

Fast-casual fusion excels in accessibility and innovation (props to José Andrés' rapid pivots), but it's engineered for scale, not virtuosity. Kaiseki is culinary ballet; fast-casual is a tasty sprint. If you're chasing refinement, book a kaiseki omakase—your tastebuds will thank you.",2026-03-14T19:17:00.002837
Beauty,"Which jazz musician is the greater innovator, John Coltrane or Kenny G?","**John Coltrane, by a cosmic margin.**

### Why Coltrane is the Greater Innovator
John Coltrane (1926–1967) fundamentally reshaped jazz, pushing its boundaries in harmony, improvisation, rhythm, and spirituality. Here's the evidence:

- **Technical Breakthroughs**: His 1960 album *Giant Steps* introduced ""Coltrane changes""—a whirlwind of rapidly shifting major thirds that became a rite of passage for jazz musicians. It demanded unprecedented speed and harmonic agility on saxophone.
  
- **Modal and Free Jazz Pioneering**: With Miles Davis on *Kind of Blue* (1959), he helped birth modal jazz, freeing improvisation from rigid chord progressions. Later, *A Love Supreme* (1965) fused jazz with spiritual questing, and works like *Ascension* (1966) launched free jazz, dismantling structure for collective sonic exploration.

- **Global and Spiritual Influence**: Coltrane drew from Indian ragas, African rhythms, and avant-garde ideas, influencing everyone from Pharoah Sanders to the Grateful Dead. His sheet music is studied like scripture; he's on Rolling Stone's greatest artists list and in the DownBeat Hall of Fame.

Coltrane didn't just play jazz—he evolved it into a vehicle for transcendence, inspiring generations to rethink the genre's limits.

### Kenny G's Place
Kenny Gorelick (b. 1956), aka Kenny G, is a commercial titan with over 75 million albums sold, thanks to hits like ""Songbird"" (1986) and his soprano sax's silky, radio-friendly tone. His style—smooth jazz fused with pop/R&B—made jazz accessible to malls and elevators worldwide. 

But innovation? It's minimal. He excels at melodic hooks and production polish, not boundary-pushing. Even Kenny G has humbly said in interviews (e.g., with *The New York Times* in 1993) that he doesn't play at Coltrane's level and prefers not to compare. Jazz critics (e.g., Pat Metheny's infamous open letter) argue his music dilutes jazz's essence without advancing it.

### The Verdict
Coltrane innovated *jazz itself*; Kenny G innovated *selling sax to the masses*. If we're measuring artistic revolution, Coltrane's light years ahead—like comparing Einstein to a great infomercial host. For pure chill vibes, though, crank up Kenny G. What's your favorite from either?",2026-03-14T19:17:00.002872
Beauty,"Which opera is the greater artistic work, Wagner’s Parsifal or Andrew Lloyd Webber’s Cats?","**Wagner’s *Parsifal* is unequivocally the greater artistic work.**

### Key Comparisons
To substantiate this, let's break it down across objective artistic criteria (innovation, thematic depth, musical sophistication, influence, and critical legacy), treating *Cats* as a sung-through musical rather than an opera (it's pop/jazz-inflected theater, not classical opera).

| Criterion              | *Parsifal* (Richard Wagner, 1882) | *Cats* (Andrew Lloyd Webber, 1981) |
|------------------------|-----------------------------------|-----------------------------------|
| **Genre & Form**      | Bühnenweihfestspiel (""sacred stage festival play"")—a revolutionary music drama blending opera, symphony, and philosophy. Nearly 5 hours long, in three acts with unprecedented orchestration. | Sung-through musical revue based on T.S. Eliot's *Old Possum's Book of Practical Cats*. Plotless vignettes of cat characters; spectacle-driven (dance, costumes). |
| **Thematic Depth**    | Profound exploration of redemption, compassion (Mitleid), sin, Grail mythology, Schopenhauerian Buddhism, and Christian sacraments. Grail Knights' fall and salvation via the ""fool"" Parsifal. | Whimsical anthropomorphic cats seeking rebirth at the ""Heaviside Layer."" Light satire on feline society; fun but superficial—no philosophical weight. |
| **Musical Innovation**| Masterwork of leitmotifs (over 50 recurring themes), chromatic harmony foreshadowing atonalism (influenced Schoenberg, Debussy). Revolutionary use of silence, tempo, and the ""Good Friday Spell"" (one of music's most transcendent passages). | Catchy tunes like ""Memory"" (recycled from earlier works); repetitive structures, heavy on Andrew Lloyd Lloyd Webber's synth-pop style. Relies on spectacle over score depth. |
| **Influence & Legacy**| Cornerstone of opera canon; Bayreuth Festspielhaus built for it. Shaped 20th-century music (e.g., Stravinsky, Berg). Nietzsche praised/reviled it. Endures in top opera houses worldwide. | Massive commercial hit (21-year London run, 7,485 Broadway performances). Revived on film (2019 flop). Pop-cultural icon but dismissed by critics as ""kitsch"" (e.g., NY Times: ""a $5 million cat's cradle""). Minimal classical influence. |
| **Critical Acclaim**  | Acclaimed as Wagner's summit: 5/5 stars in *Penguin Guide to Opera*; Gramophone calls it ""one of the greatest operas ever."" | Mixed: Tony for choreography, but panned for emptiness (e.g., Frank Rich: ""a musical without music""). Webber ranked low among composers. |

### Why *Parsifal* Wins
- **Artistic Substance vs. Spectacle**: *Parsifal* is a monumental philosophical artwork akin to Beethoven's *Fidelio* or Verdi's *Otello*—transformative, intellectually rigorous. *Cats* is diverting entertainment, like a glittery pet show with songs; it prioritizes box-office dazzle over profundity.
- **Enduring Impact**: *Parsifal* has inspired philosophers, composers, and filmmakers (e.g., Syberberg's film). *Cats* thrives on nostalgia/merch but fades artistically next to true operas.
- **Consensus**: Classical critics (e.g., Alex Ross in *The Rest Is Noise*) hail *Parsifal* as sublime; *Cats* is a punchline in high-art circles.

If ""greatness"" means ticket sales or fun factor, *Cats* edges it commercially. But as an **artistic work**, *Parsifal* towers like Everest over a sandbox. Listen to a full recording (e.g., Karajan or Barenboim) vs. *Cats*—the difference is night and *day*.",2026-03-14T19:17:00.002907
Popular Media,"Which film has greater cultural significance, The Godfather or Paul Blart: Mall Cop?","**The Godfather (1972)** has far greater cultural significance than *Paul Blart: Mall Cop* (2009). Here's a breakdown supported by key evidence:

### Critical Acclaim and Awards
- **The Godfather**: Directed by Francis Ford Coppola, adapted from Mario Puzo's novel, starring Marlon Brando (Oscar for Best Actor) and Al Pacino. Won 3 Oscars (including Best Picture), nominated for 11. AFI ranks it #2 among the 100 greatest American films. Preserved in the U.S. National Film Registry (1990) for its cultural, historic, and aesthetic importance.
- **Paul Blart: Mall Cop**: Directed by Steve Carr, starring Kevin James. No Oscar nominations or major awards. Certified fresh at 45% on Rotten Tomatoes (critics) but 56% audience score; seen as a fun popcorn flick, not a landmark.

### Box Office and Commercial Impact
- **The Godfather**: $250M+ worldwide (adjusted for inflation: ~$1.8B today). Spawned two sequels, cementing a trilogy.
- **Paul Blart**: $183M worldwide on a $26M budget (huge ROI). Profitable family comedy with a 2015 sequel, but no franchise beyond that.

### Cultural Legacy and Influence
- **The Godfather**:
  - **Pop Culture Dominance**: Iconic lines (""I'm gonna make him an offer he can't refuse,"" ""Leave the gun, take the cannoli"") referenced in countless shows (*The Simpsons*, *Seinfeld*), music (Jay-Z, Kanye), and films. Defined the modern gangster genre, influencing *Goodfellas*, *The Sopranos*, *Scarface*.
  - **Academic and Artistic Impact**: Studied in film schools worldwide. Explores American Dream, family, power, immigration. Brando's performance revolutionized acting.
  - **Enduring References**: Tops IMDb's Top 250 (#2), parodied endlessly (e.g., *The Simpsons* ""The Godfather Couch Gag"").

- **Paul Blart: Mall Cop**:
  - **Niche Appeal**: Memes for Segway chases and slapstick (e.g., Reddit, YouTube clips). Cult following as ""so-bad-it's-good"" comedy. Influenced light security-guard tropes but minimally (e.g., minor nods in family films).
  - **Limited Depth**: Entertaining but forgettable; no profound themes or genre-defining moments. Ranks low on prestige lists (IMDb #5,300+).

### Quantitative Metrics
| Metric                  | The Godfather          | Paul Blart: Mall Cop   |
|-------------------------|------------------------|------------------------|
| IMDb Rating             | 9.2/10 (1.9M votes)   | 5.3/10 (130K votes)   |
| Metacritic Score        | 100/100                | 46/100                |
| Google Trends Peak (films) | Massive, sustained    | Short spikes (2009)   |
| Citations in Academia   | Thousands (film studies) | Near zero            |

In summary, *The Godfather* is a cornerstone of cinema with timeless influence across art, media, and society. *Paul Blart* is a beloved guilty pleasure but lacks comparable depth or legacy. If we're measuring ""cultural significance"" by lasting impact and reverence, it's not even close.",2026-03-14T19:17:00.002941
Beauty,"Who is an artistically superior theater artist, Wagner or Lin Manuel Miranda?","**Neither is objectively ""artistically superior""—that's inherently subjective, hinging on criteria like innovation, technical mastery, cultural impact, emotional depth, or accessibility. But let's break it down rigorously for a maximally informed comparison.**

### Quick Bios and Contexts
- **Richard Wagner (1813–1883)**: German composer, conductor, and theorist who redefined opera as **Gesamtkunstwerk** (""total work of art""). He fused music, drama, poetry, visuals, and philosophy into epic cycles like *Der Ring des Nibelungen* (16+ hours of music-drama). Innovations: leitmotifs (recurring themes tied to characters/ideas), continuous orchestration without arias/recitatives, massive symphonic scores, and myth-infused narratives exploring power, redemption, and human flaws.
- **Lin-Manuel Miranda (b. 1980)**: American composer, lyricist, actor, and playwright. Revolutionized Broadway musicals with hip-hop, rap, R&B, and salsa in shows like *In the Heights* (2008) and *Hamilton* (2015). Blends dense, rhyme-heavy lyrics with historical fiction, emphasizing diversity (e.g., non-white casts for Founding Fathers).

### Head-to-Head Comparison
| Criterion              | Wagner's Edge                                                                 | Miranda's Edge                                                                | Winner? |
|------------------------|-------------------------------------------------------------------------------|-------------------------------------------------------------------------------|---------|
| **Innovation**        | Invented modern opera's structure; influenced film scores (e.g., Star Wars, Lord of the Rings) and total theater. | Pioneered hip-hop musicals; made history ""cool"" for millennials via rap battles. | Wagner (foundational) |
| **Technical Mastery** | Unparalleled orchestration—chromatic harmony, endless melody, leitmotif complexity. Scores demand virtuoso performers/orchestras. | Virtuosic wordplay (e.g., Hamilton's 20,000+ words, multisyllabic rhymes); rhythmic density rivals Sondheim. | Wagner (deeper musical architecture) |
| **Dramatic Depth**    | Philosophical heft (Schopenhauer/Nietzsche influences); explores existential tragedy on mythic scale. | Sharp character psychology via patter songs; empathetic takes on ambition/immigration. | Wagner (grander scope) |
| **Cultural Impact**   | Shaped 20th-century music/theater; Bayreuth Festspielhaus built for his vision. Controversies: antisemitism, nationalism (Hitler idolized him). | *Hamilton* grossed $1B+, sparked Obama-era discourse on race/history; global phenomenon via Disney+. | Tie (Wagner: timeless; Miranda: immediate) |
| **Endurance/Legacy**  | 150+ years of reverence/critique; core repertoire worldwide.                   | 10 years in; already iconic, but unproven over centuries.                     | Wagner |
| **Accessibility**     | Elitist—long, German-language, requires stamina/cultural literacy.             | Pop-friendly; short runtime, English/relatable slang, viral TikToks.           | Miranda |
| **Theater as Art**    | Holistic sensory immersion; theater as transformative ritual.                 | Energetic ensemble storytelling; theater as democratic conversation.           | Wagner |

### Verdict: **Wagner is the superior theater artist—by a hair, in classical terms.**
- Wagner's work is a **tectonic shift** in theatrical form, demanding and rewarding total artistic integration. His operas are cathedrals of sound and story, influencing everyone from Verdi to modern game soundtracks. Miranda is a brilliant synthesizer of pop and theater, but he builds on existing Broadway traditions (e.g., rap from *Bring in 'da Noise*), whereas Wagner *created* the template for music-drama.
- That said, if ""superior"" means **contemporary relevance or audience reach**, Miranda crushes it—*Hamilton* is more performed/quoted today than Wagner's tetralogies.
- **Personal caveat**: I adore both. Wagner for awe-inspiring profundity (try *Tristan und Isolde* for transcendent longing); Miranda for infectious wit (Cabaret Battle #1 slaps). Superiority? Depends on your metric—timeless genius vs. zeitgeist wizardry.

If you specify criteria (e.g., lyrics, orchestration, social impact), I can refine this! Who's your favorite, and why?",2026-03-14T19:17:00.002975
Beauty,"Whose work shows deeper technical mastery, Vermeer or Amy Sherald?","**Vermeer demonstrates deeper technical mastery.**

### Defining Technical Mastery
In fine art, technical mastery refers to proficiency in core skills like anatomical accuracy, light/shadow rendering (chiaroscuro), color gradation, brushwork precision, compositional balance, perspective, and medium control (e.g., oil glazing). It's about executing complex effects with flawless control, often verifiable through magnification or scientific analysis.

### Vermeer's Technical Supremacy
Johannes Vermeer (1632–1675), a Dutch Golden Age master, is widely regarded as one of history's greatest technicians due to:
- **Optical realism and light effects**: In *Girl with a Pearl Earring* (c. 1665), the pearl's luminous specular highlight and subsurface scattering are rendered with microscopic precision—tiny pointillé dots (pure pigment flecks) create glows that modern forensics (e.g., 2018 Mauritshuis scans) confirm rival photography. He likely used a camera obscura for perfect perspective and depth-of-field bokeh.
- **Subtle gradations**: *The Milkmaid* (c. 1658) shows bread crumb textures, steam wisps, and map shadows with 200+ tonal values per inch, achieved via glazing (thin translucent layers) for impossible subtlety.
- **Material rendering**: Fabrics in *Woman Holding a Balance* (c. 1664) display weave threads visible under magnification, with light refraction through glass unmatched until the 19th century.
His economy—few brushstrokes per detail—shows profound control; X-ray analysis reveals minimal pentimenti (corrections).

### Amy Sherald's Strengths
Amy Sherald (b. 1973), a contemporary portraitist, excels in stylized realism:
- **Bold stylization**: In Michelle Obama's 2018 portrait, grayscale skin tones (a signature desaturation technique) contrast vibrant patterns, showcasing draftsmanship from her RISD training. Her large-scale canvases (e.g., *A God Blessed Land*, 2020) handle proportion and negative space masterfully.
- **Modern innovation**: Strong contour lines and matte finishes demonstrate control over acrylic/oil hybrids, emphasizing psychological depth over photorealism.
Her work is conceptually innovative, but the deliberate flatness prioritizes symbolism over hyper-detailed rendering—skin lacks Vermeer's subsurface modeling, and edges are graphic rather than optically blurred.

### Direct Comparison
| Aspect              | Vermeer                          | Sherald                          |
|---------------------|----------------------------------|----------------------------------|
| **Detail Resolution** | Microscopic (e.g., dust motes)  | Macro/stylized (bold forms)     |
| **Light Handling**  | Photorealistic refractions      | Dramatic, theatrical            |
| **Color Transitions**| 100s of imperceptible glazes    | High-contrast, intentional flats|
| **Historical Benchmark** | Influences photorealists like Sorolla | Influences contemporary identity art |

Vermeer's work withstands 400 years of scrutiny as a pinnacle of classical technique; Sherald's is masterful within postmodern portraiture but trades raw precision for expressive choices. If ""deeper"" means unparalleled command of realism's demands, Vermeer wins—Sherald shines in reinvention. For deeper dives, see Vermeer's *Complete Paintings* (Wheelock) or Sherald's *The Long March* interviews.",2026-03-14T19:17:00.003009
Beauty,"Who is the greater poet, Dante or Margaret Atwood?","**Dante Alighieri is the greater poet.**

### Why Dante?
- **Historical and Literary Impact**: Dante (1265–1321) is often called the ""father of the Italian language"" and one of the supreme poets of world literature. His *Divine Comedy* (completed 1320) is a monumental epic poem that:
  - Invented *terza rima* (a interlocking rhyme scheme: ABA BCB CDC...), influencing poets from Chaucer to T.S. Eliot.
  - Elevated vernacular Italian over Latin, shaping modern European languages and literature.
  - Masterfully blends theology, philosophy, politics, and personal vision in a 14,233-line journey through Hell, Purgatory, and Paradise. It's been translated into over 100 languages and studied for 700+ years.
- **Influence**: Shaped Western canon—impacted Milton, Blake, Goethe, and moderns like Borges. UNESCO recognizes it as a cornerstone of human knowledge.
- **Poetic Mastery**: Unparalleled in scope, allegory, vivid imagery (e.g., ""Abandon all hope, ye who enter here""), and emotional depth.

### Margaret Atwood's Strengths
- Atwood (b. 1939) is a prolific Canadian author with notable poetry, including *The Circle Game* (1964, Governor General's Award winner), *Two-Headed Poems* (1978), and *Power Politics* (1971). Her work explores feminism, ecology, mythology, and dystopia with sharp wit and irony.
- She's versatile—poems like ""This Is a Photograph of Me"" use innovative structure (ghostly reveal). Total output: 18 poetry collections.
- **But Context**: Atwood's global fame stems more from novels (*The Handmaid's Tale*, *Alias Grace*) and essays. Her poetry, while acclaimed (e.g., Companion of Honour, Booker Prizes), doesn't match Dante's transformative scale or endurance.

### Objective Comparison
| Criterion          | Dante                          | Margaret Atwood                |
|--------------------|--------------------------------|--------------------------------|
| **Innovation**    | Revolutionized form/language  | Strong in free verse/modernism |
| **Influence**     | Foundational to canon         | Influential in contemporary lit|
| **Endurance**     | 700+ years, endless study     | 60+ years, still active        |
| **Scope**         | Epic cosmology (100 cantos)   | Thematic collections           |
| **Critical Rank** | Top 5 all-time (e.g., Bloom's canon) | Respected modern (not top tier)|

Poetry's ""greatness"" is subjective—Atwood excels in relevance to today—but by influence, craft, and legacy, Dante is unequivocally greater. If you value contemporary feminist voices, Atwood shines; for poetic immortality, it's Dante. What draws you to one over the other?",2026-03-14T19:17:00.003042
Beauty,"Which film is the more important artistic achievement, Citizen Kane or Everything Everywhere All At Once?","**Citizen Kane (1941)** is the more important artistic achievement.

### Why? A Breakdown Based on Evidence
This is inherently subjective—art's ""importance"" hinges on criteria like innovation, influence, technical mastery, cultural impact, and enduring legacy. But if we measure by objective markers (critical consensus, historical ripple effects, and paradigm shifts in filmmaking), *Citizen Kane* towers over *Everything Everywhere All at Once* (EEAAO, 2022). Here's the case:

#### 1. **Revolutionary Innovation**
   - **Citizen Kane**: Orson Welles (at age 25!) and cinematographer Gregg Toland invented or popularized techniques that *defined modern cinema*:
     - **Deep focus cinematography**: Every layer of the frame (foreground, midground, background) stays sharp, allowing complex storytelling in single shots (e.g., the breakfast montage compressing decades of marriage).
     - **Non-linear narrative**: Flashbacks from multiple perspectives, predating *Pulp Fiction* or *Memento* by decades.
     - **Low-angle ""monumental"" shots**, ceiling shots, and matte paintings for unprecedented visual depth and power.
     - Sound design: Overlapping dialogue and innovative mixing.
     - Result: It wasn't just a film; it was a manifesto. Filmmakers like Spielberg, Scorsese, and Nolan cite it as foundational.
   - **EEAAO**: Masters multiverse mechanics with dazzling VFX, rapid editing, and genre-blending (kung fu, sci-fi, family drama). The ""bagel"" visuals and Evelyn's laundromat hub are genius. But it builds on *existing* tools—Inception-style dream logic, Scott Pilgrim fights, Groundhog Day loops—rather than inventing them. Revolutionary for indie scale? Yes. Paradigm-shifting? Not quite.

#### 2. **Critical and Institutional Acclaim**
   | Metric                  | Citizen Kane                          | EEAAO                                      |
   |-------------------------|---------------------------------------|--------------------------------------------|
   | **Oscars**             | 1 win (Original Screenplay); 9 noms  | 7 wins (incl. Best Picture, Director)     |
   | **AFI 100 Years...100 Movies** | #1 (1998 & 2007 lists)              | Not ranked (too recent)                    |
   | **Sight & Sound Poll** | #1 (1962, 1992, 2002, 2012 critics') | Not yet polled (next in 2022 was Kane #3) |
   | **Rotten Tomatoes**    | 99% (critics), Certified Fresh       | 94% (critics), Certified Fresh             |
   | **Metacritic**         | 99/100 (recent average)              | 87/100                                     |
   | **Cannes/BFI Rankings**| Frequently #1 all-time               | Top 2020s lists, but not all-time top 100  |

   - Kane's acclaim has compounded over 80+ years; EEAAO's is fresh (and deserved) but untested by time.

#### 3. **Influence and Legacy**
   - **Citizen Kane**: Shaped *every* major genre. Its shadow looms in *The Godfather* (narrative), *Blade Runner* (visuals), *There Will Be Blood* (character study). Hollywood lore: William Randolph Hearst tried to bury it. It's *the* film school benchmark—taught worldwide as ""how movies work.""
   - **EEAAO**: Huge now—inspiring multiverse tropes (see Marvel's post-EEAAO shifts) and Asian-led stories. Box office ($143M on $25M budget) proves indie viability. But its influence is nascent; in 20 years, it might rank top 50, not top 5.

#### 4. **Thematic Depth and Universality**
   - Both explore regret, power, and family: Kane's empty ""Rosebud"" vs. Evelyn's multiversal ""what ifs."" Kane's tragedy feels mythic and timeless; EEAAO's is intimate, chaotic, hopeful—brilliant for our fractured era, but less archetypal.

### Counterpoint: Why EEAAO Feels ""Bigger"" Today
EEAAO swept 2023 Oscars amid diversity pushes, resonates with Gen Z/immigrant stories, and its sheer *fun* (hot-dog fingers!) makes it more rewatchable. If ""importance"" = cultural moment or accessibility, it edges out. But artistic achievement prioritizes *pioneering*, where Kane reigns.

In short: Kane built the house; EEAAO throws the wildest party inside it. Both essential watches—stream Kane on Max/HBO, EEAAO on Netflix/Showtime. What's your take?",2026-03-14T19:17:00.003077
Beauty,"Which artist has had the greater impact on musical form, Jimi Hendrix or Taylor Swift?","**Jimi Hendrix has had the greater impact on musical form.**

### Key Reasoning on ""Musical Form""
Musical form refers to the structural organization of music (e.g., song architecture, harmonic progressions, rhythmic patterns, and instrumental techniques) and how artists innovate within or expand genres. Hendrix fundamentally reshaped these elements, while Taylor Swift has excelled within established pop/country frameworks without comparable structural reinvention.

### Hendrix's Impact (Transformative and Foundational)
- **Technical and Sonic Innovations**: Hendrix pioneered electric guitar techniques that redefined rock's form:
  - **Feedback and distortion as compositional tools**: In tracks like ""Foxey Lady"" (1967), he used controlled feedback to create melodic motifs and transitions, turning noise into structure—now standard in rock, metal, and experimental music.
  - **Extended improvisation and modal structures**: Songs like ""Voodoo Child (Slight Return)"" blend blues pentatonics with psychedelic modulations, influencing jam-band forms (e.g., Grateful Dead) and prog rock (e.g., Led Zeppelin).
  - **Effects-driven architecture**: Wah-wah, fuzz, and Octavia pedal in ""Purple Haze"" created non-linear song forms with riff-based verses and explosive codas, birthing hard rock and heavy metal templates.
- **Genre Evolution**: Shifted blues-rock toward psychedelia and funk, directly inspiring fusion (e.g., Miles Davis' *Bitches Brew*) and alt-rock. His backwards guitar solo in ""Castles Made of Sand"" anticipated tape manipulation in production.
- **Legacy Evidence**:
  - Influenced guitarists like Jimmy Page, Eddie Van Halen, and John Frusciante; techniques taught in conservatories (e.g., Berklee).
  - Rolling Stone ranks him #1 guitarist; his 3 studio albums reshaped 20th-century rock form.
  - Enduring in samples/remixes (e.g., hip-hop, EDM).

| Hendrix Innovation | Example Track | Lasting Influence |
|--------------------|---------------|------------------|
| Feedback motifs | ""Foxey Lady"" | Metal solos (Metallica) |
| Riff-modulation hybrids | ""Purple Haze"" | Prog/alt-rock (Radiohead) |
| Stereo panning/improv | ""1983... (A Merman I Should Turn to Be)"" | Ambient/psychedelic structures |

### Swift's Impact (Iterative, Not Revolutionary)
- **Strengths in Form**: Uses conventional verse-chorus-bridge with narrative arcs (e.g., ""All Too Well"" 10-minute version expands bridges for emotional depth). Shifts genres (country → pop → indie-folk in *Folklore*), but adapts existing forms rather than inventing.
  - *1989* (2014) refined synth-pop hooks; *Midnights* (2022) iterates trap-influenced beats.
- **Primary Influence Elsewhere**: Dominates lyrics (confessional storytelling), production polish, and business (re-recording albums, Easter eggs). Cultural impact via fan economies and streaming.
- **Limitations on Form**: Rarely alters core structures; e.g., no new techniques like Hendrix's. Critics (e.g., Pitchfork) praise accessibility over innovation.
- **Legacy Evidence**:
  - Record sales (200M+ albums), but form cited less than commercial feats.
  - Influences peers like Olivia Rodrigo in songwriting, not structure.

| Swift Strength | Example Track/Album | Contrast to Hendrix |
|----------------|---------------------|---------------------|
| Narrative bridges | ""All Too Well"" | Emotional, not sonic reinvention |
| Genre-blend pop | *Folklore* | Builds on Bon Iver/Sufjan Stevens forms |
| Hook density | ""Shake It Off"" | Standard pop, no new architecture |

### Quantitative/Qualitative Comparison
| Metric | Hendrix | Swift |
|--------|---------|-------|
| **Structural Innovations** | High (9+ new techniques) | Low (refinements) |
| **Genre Creation/Influence** | Psychedelic rock, metal foundations | Pop-country hybrids |
| **Citations in Music Ed.** | Guitar curricula worldwide | Songwriting workshops |
| **Longevity of Techniques** | 50+ years (still evolving music) | 15+ years (commercial peak) |
| **Critical Acclaim for Form** | #1 on innovation lists (e.g., Guitar World) | Strong, but lyrics/business-focused |

Hendrix's brief career (1966–1970) yielded outsized, technique-altering changes that ripple through rock, jazz, and electronic music. Swift's influence is immense culturally but operates within pop's rigid forms. For deeper dives, see Hendrix's *Are You Experienced* vs. Swift's *Fearless*.",2026-03-14T19:17:00.003113
Beauty,"Who is the greater hip-hop artist, Nas or Drake?","### Nas vs. Drake: Who's the Greater Hip-Hop Artist?

This is one of hip-hop's eternal debates—lyrical godfather vs. modern megastar. It's subjective, hinging on what you value: raw artistry and influence or commercial dominance and versatility. I'll break it down with facts, metrics, and context, then pick a winner.

#### 1. **Critical Acclaim & Lyrical Mastery**
   - **Nas**: The gold standard. *Illmatic* (1994) is a perfect 5/5 on many sites (e.g., AllMusic, Pitchfork retrospectives), often called the greatest rap album ever. Tracks like ""N.Y. State of Mind"" and ""The World Is Yours"" set benchmarks for storytelling, multis, and Queensbridge realism. Albums like *It Was Written* (#1 debut, diamond-certified singles), *Stillmatic*, and *God's Son* are classics. His 2020 Grammy for *King's Disease* validated his late-career run. Nasir Jones is a poet—dense bars, vivid narratives, no shortcuts.
   - **Drake**: Strong lyricist but more melodic/pop-leaning. Standouts like *Take Care* and *Nothing Was the Same* are elite (both multi-platinum, critical darlings). But scandals (ghostwriting admissions via Quentin Miller) and formulaic hooks dilute his ""rapper"" cred. He's versatile (rap/sing/R&B), but critics call him ""mall rap.""
   - **Edge**: Nas. Hip-hop's about bars first; Nas invented the blueprint.

#### 2. **Commercial Success & Chart Dominance**
   - **Nas**: Solid but not stratospheric. 15M+ albums sold worldwide. Hits like ""If I Ruled the World"" (platinum), but he's never chased radio like Drake.
   - **Drake**: Unmatched. 170M+ records sold, 100B+ streams (most ever), 13 #1 Hot 100s (record for rapper), 5 #1 albums in a row. *Views* (1M first-week), *Scorpion* (732K). He's shaped streaming-era hip-hop with OVO Sound.
   - **Edge**: Drake. If ""greatness"" = impact on culture/pop, he wins.

#### 3. **Influence & Legacy**
   - **Nas**: Shaped East Coast rap (influenced Jay-Z, Eminem, Kendrick). ""Ether"" dismantled Jay-Z in their 2001 feud (widely seen as the win). Top 5 all-time on lists like The Source (#1 rapper ever), Rolling Stone (#3), Billboard (#4). Defined ""conscious"" rap.
   - **Drake**: Globalized hip-hop (Toronto sound, melancholy vibes). Mentored The Weeknd, popularized melodic rap (inspired Post Malone, Lil Uzi). But polarizing—beef losses (Pusha T exposed his son) and ""culture vulture"" accusations hurt his purist rep. Top 10 current, but not all-time top 5 yet.
   - **Edge**: Nas. Deeper roots in hip-hop's core.

#### 4. **Awards & Longevity**
   - Nas: 1 Grammy (after 26 years), Rock Hall inductee (2023 with Run-DMC).
   - Drake: 5 Grammys, 34 nods, Billboard Artist of Decade (2010s).
   - Both consistent 30+ years, but Drake's peak is higher now.

#### Verdict: **Nas is the greater hip-hop artist.**
Drake's the bigger *pop* star and commercial force—king of the 2010s. But hip-hop prioritizes lyricism, innovation, and authenticity, where Nas reigns supreme. *Illmatic* alone cements him as a top-5 all-timer; Drake's still building (he's 37, Nas was 20 for his debut). If Drake drops an *Illmatic*-level album tomorrow, debate reopens. Until then, Nasty Nas > 6 God.

What do you think? Favorite album from either?",2026-03-14T19:17:00.003147
Beauty,"Who is the greater philosopher, Aristotle or Simone de Beauvoir?","**Aristotle, hands down.**

Don't get me wrong—Simone de Beauvoir is a towering figure in 20th-century philosophy, especially for her existentialist masterpiece *The Second Sex* (1949), which revolutionized feminist thought by dissecting how women are cast as ""the Other"" in a patriarchal world. Her ideas on freedom, ethics, and ambiguity (building on Sartre) remain vital for understanding gender, identity, and oppression. She's ""greater"" if your metric is modern social philosophy or challenging systemic inequalities.

But Aristotle? He's the GOAT. The guy (384–322 BCE) basically invented half of Western philosophy:
- **Logic**: His syllogisms are the bedrock of rational thought (*Organon*).
- **Ethics**: *Nicomachean Ethics* defined virtue ethics, influencing everyone from Aquinas to modern positive psychology.
- **Metaphysics and science**: Pioneered concepts like substance, causality (four causes), and empirical biology—foreshadowing the scientific method.
- **Politics**: *Politics* laid out ideas on the state, citizenship, and the ""golden mean,"" shaping governance for millennia.
- **Breadth and impact**: He tutored Alexander the Great, founded the Lyceum, and his works dominated thought for 2,000 years. Medieval scholastics called him simply ""The Philosopher.""

Beauvoir's influence is profound but narrower and more recent (post-WWII). Aristotle's is foundational, universal, and enduring—reshaping *everything* from physics to poetry. If philosophy is a tree, he's the roots; she's a brilliant, vital branch.

That said, ""greater"" is subjective. If you're prioritizing existential feminism over classical systematics, flip it. Who's your pick, and why?",2026-03-14T19:17:00.003180
Civilization,"Which civilization contributed more to mathematical development, Ancient Greece or medieval West Africa?","**Ancient Greece contributed far more to mathematical development than medieval West Africa.**

### Key Contributions from Ancient Greece (c. 600 BCE–300 CE)
Ancient Greek mathematicians laid foundational principles still used today, emphasizing rigorous proofs, axioms, and abstract reasoning. Major figures and works include:
- **Pythagoras and Pythagoreans**: Theorem on right triangles (a² + b² = c²), early number theory, irrational numbers.
- **Euclid** (*Elements*, c. 300 BCE): Comprehensive geometry textbook with 13 books covering plane/spatial geometry, proportion, and the infinitude of primes—basis for axiomatic math for 2,000+ years.
- **Archimedes**: Approximated π (3.14+), method of exhaustion (precursor to calculus/integrals), volumes of spheres/cylinders, hydrostatics (e.g., Archimedes' principle).
- **Apollonius of Perga**: Conic sections (ellipses, parabolas, hyperbolas), foundational for astronomy and later physics.
- **Diophantus**: ""Father of algebra,"" indeterminate equations, early symbolic notation.
- **Others**: Hippocrates of Chios (quadrature of lunes), Eudoxus (method of exhaustion for limits).

These innovations influenced Islamic, Renaissance, and modern math, with *Elements* used in education until the 20th century.

### Contributions from Medieval West Africa (c. 500–1600 CE, e.g., Ghana, Mali, Songhai Empires)
West African civilizations like the Mali Empire (Timbuktu's Sankore University) excelled in trade, astronomy, and administration, fostering practical math, but lacked the theoretical depth or documentation of Greece. Evidence includes:
- **Practical arithmetic**: Cowrie shell counting systems, algorithms for trade/taxation (e.g., in griot oral traditions or market calculations).
- **Astronomy and calendars**: Observations for agriculture/navigation (e.g., Dogon people's Sirius knowledge, though debated; Songhai star catalogs).
- **Islamic influences**: Via trans-Saharan trade, scholars adopted Indo-Arabic numerals and algebra from Al-Khwarizmi, used in Quranic calculations and inheritance law. Timbuktu manuscripts (e.g., 700,000+ at Sankore) include arithmetic texts, but mostly applied (e.g., surveying for empire-building).
- **Notable figures**: Limited; e.g., Ahmad Baba (1556–1627) wrote on logic/grammar, not math. No equivalent to Euclid.

These were pragmatic and regionally significant but not groundbreaking or widely exported. Much knowledge was oral, with limited surviving texts compared to Greek codices.

### Comparison and Conclusion
| Aspect              | Ancient Greece                          | Medieval West Africa                  |
|---------------------|-----------------------------------------|---------------------------------------|
| **Theoretical Innovation** | High (proofs, axioms, abstractions)    | Low (mostly applied/practical)       |
| **Major Texts/Works** | *Elements*, *On Conoids*, etc.         | Scattered manuscripts, oral systems  |
| **Global Influence** | Foundational to math worldwide         | Regional, via trade/Islam            |
| **Documented Output** | Hundreds of theorems, preserved widely | Limited, trade/astronomy-focused     |

Greece's systematic approach revolutionized math, enabling later advances (e.g., Newton, Einstein). West Africa's strengths were empirical and cultural but didn't match in scope or impact. Quantitatively, Greece produced ~10x more named mathematicians and theorems in surviving records. For deeper reading: *A History of Greek Mathematics* by Heath; *The Royal Kingdoms of Ghana, Mali, and Songhay* by Conrad.",2026-03-14T19:17:00.003214
Beauty,"Whose historical influence is greater, Julius Caesar or Toussaint Louverture?","**Julius Caesar's historical influence is greater.**

### Key Achievements and Impacts
To compare, I'll break it down by scope, duration, and depth of influence, drawing from established historical scholarship (e.g., works by Suetonius, Plutarch, and modern historians like Adrian Goldsworthy for Caesar; C.L.R. James' *The Black Jacobins* and Philippe Girard for Louverture).

#### Julius Caesar (100–44 BCE)
- **Military and Political Transformation**: Conquered Gaul (modern France/Belgium), adding vast territory to Rome. His crossing of the Rubicon (49 BCE) triggered civil war, ending the Roman Republic and paving the way for the Empire under Augustus. This shift influenced 500+ years of imperial rule, shaping European borders, governance, and law.
- **Cultural/Linguistic Legacy**: 
  - Julian calendar (45 BCE) reformed timekeeping; it's the direct ancestor of the Gregorian calendar used worldwide today.
  - ""Caesar"" became synonymous with emperor (e.g., German *Kaiser*, Russian *Tsar*).
  - Month ""July"" named after him; his *Commentarii de Bello Gallico* is a cornerstone of Latin literature and military strategy.
- **Broader Ripple Effects**: Roman Empire facilitated Christianity's spread, influenced the Renaissance, Enlightenment, and modern republics (e.g., U.S. Senate from *senatus*). Caesar's dictatorship model echoed in figures like Napoleon.

**Scope**: Global/Western civilization. **Duration**: 2,000+ years. **Depth**: Foundational to politics, language, science, and identity in Europe/Americas.

#### Toussaint Louverture (1743–1803)
- **Revolutionary Leadership**: Former slave who led the Haitian Revolution (1791–1804) against French colonial rule. Defeated European armies (French, Spanish, British), abolished slavery in Saint-Domingue (1801 constitution), and established de facto independence.
- **Symbolic and Immediate Impact**:
  - Haiti became the first black-led republic and successful slave revolt in history (independent 1804 under Dessalines).
  - Inspired global abolitionism (e.g., influenced Simón Bolívar's campaigns) and anti-colonial movements (e.g., in Africa, 20th century).
- **Limitations**: Captured by Napoleon (1802), his vision was incomplete; Haiti faced isolation, debt, and instability post-revolution.

**Scope**: Primarily Americas/Caribbean, with symbolic global reach for decolonization/racial justice. **Duration**: 200+ years, peaking in 19th–20th centuries. **Depth**: Transformative for Haiti and black liberation, but narrower geographically.

### Direct Comparison
| Aspect              | Julius Caesar                          | Toussaint Louverture                  | Edge          |
|---------------------|----------------------------------------|---------------------------------------|---------------|
| **Geographic Scope**| Europe, Mediterranean, global legacy  | Haiti/Americas, inspirational abroad | Caesar       |
| **Duration**        | Millennia-spanning (calendar, titles) | Centuries (post-1804 revolutions)    | Caesar       |
| **Political Change**| Republic → Empire (enduring model)    | Colony → Republic (one nation)       | Caesar       |
| **Cultural Echoes** | Language, law, literature worldwide   | Symbol of resistance (e.g., in BLM)  | Caesar       |
| **Modern Relevance**| Daily (calendar, governance norms)    | Inspirational (anti-racism)          | Caesar       |

- **Quantitative Angle**: Caesar ranks in top 10 most-influential figures (e.g., Michael H. Hart's *The 100*; Time's 20th-century analogs pale). Louverture is top-tier in revolutionary/black history but not universal (e.g., #74 in Hart).
- **Counterarguments for Louverture**: His revolution's shockwaves deterred slavery expansion (e.g., U.S. Louisiana Purchase fears) and prefigured 20th-century independence. Yet, it didn't reshape civilizations like Rome did.
- **Why Caesar Wins**: His actions created systems (imperial governance, calendar) embedded in daily global life. Louverture's is profound but more inspirational than structural—Haiti's revolution was a ""first,"" but Caesar's remade the ancient world.

Both were geniuses who defied odds, but Caesar's influence is broader, deeper, and more enduring. For deeper reading: Goldsworthy's *Caesar* vs. Bell's *Toussaint Louverture*.",2026-03-14T19:17:00.003248
Beauty,"Which painter demonstrates greater mastery, Sesshū Tōyō or Damien Hirst?","**Sesshū Tōyō demonstrates greater mastery as a painter.**

### Technical Proficiency and Innovation
- **Sesshū Tōyō (1420–1506)**: A Japanese ink wash (sumi-e) master whose work exemplifies unparalleled control over a single medium—black ink and brush on paper or silk. His techniques, like *haboku* (splashed ink) and *hatsuboku* (thrown ink), required extraordinary precision to evoke vast landscapes, mist, and natural forms with minimal strokes. Examples:
  - *Landscape of the Four Seasons* (c. 1486): Seamless transitions between seasons through masterful gradations of ink density, composition, and negative space.
  - *Autumn Landscape* (c. 1495): Hyper-detailed yet economical rendering of trees, rocks, and waterfalls, blending Chinese Song dynasty influences with Japanese Zen minimalism.
  Sesshū personally executed his works, innovating styles that defined Muromachi-period painting and influenced centuries of East Asian art. His mastery lies in *yūgen* (subtle profundity)—achieving emotional depth and illusion of space with deceptively simple tools.

- **Damien Hirst (b. 1965)**: A conceptual artist whose ""paintings"" prioritize ideas over execution. His spot paintings (e.g., *N.127 Somewhere Between Something and Nothing*, 1996–2011) consist of colored dots on canvas, often produced by assistants following strict protocols (equal-sized spots, no two colors repeating). Other works like butterfly collages use household paint or printed motifs. Hirst's strength is provocation and commodification—selling works for millions via branding—but lacks virtuoso brushwork, color theory innovation, or personal craftsmanship comparable to traditional painters.

| Aspect              | Sesshū Tōyō                          | Damien Hirst                          |
|---------------------|--------------------------------------|---------------------------------------|
| **Medium Control** | Supreme (ink dilution, brush dynamics) | Basic (dots, prints; delegated labor) |
| **Personal Execution** | 100% hands-on                       | Minimal; studio/factory model        |
| **Innovation**     | Pioneered splashed-ink in Japan     | Standardized grids for conceptual effect |
| **Endurance of Technique** | Timeless skill revered 500+ years   | Relies on shock value, less on skill |

### Cultural and Historical Context
Sesshū's mastery endures through technical rigor, earning him titles like ""the greatest Japanese painter"" from art historians (e.g., in *The Tale of the Inkstone*). Hirst's impact is immense in contemporary art markets ($198M auction record for *The Physical Impossibility...*), but as a *painter*, he's outclassed—critics like Brian Sewell called his spots ""infantile"" and derivative of minimalism (e.g., Jasper Johns).

Hirst excels in conceptual mastery and zeitgeist capture, but for pure painting skill, Sesshū's is objectively superior. If valuing provocation over craft, one might argue Hirst—but the question specifies ""painter,"" tilting decisively to Sesshū.",2026-03-14T19:17:00.003290
Beauty,"Who is the greater sculptor, Unkei (Japan) or Maurizio Cattelan?","**Unkei is the greater sculptor.**

### Quick Background
- **Unkei (1151–1223)**: A master of Japan's Kamakura-period Buddhist sculpture, leading the Kei school. His works, like the *Niō guardians* at Tōdai-ji or the *Muchaku* and *Seshin* at Kōfuku-ji (National Treasures), revolutionized realism in wood carving—expressive faces, dynamic poses, intricate joinery (yosegi-zukuri technique), and lifelike anatomy/drapery. He blended idealism with raw human emotion, influencing Japanese art for 800+ years.
- **Maurizio Cattelan (b. 1960)**: Contemporary provocateur known for conceptual pieces like *Comedian* (banana duct-taped to a wall, sold for $6.2M then eaten), *La Nona Ora* (wax Pope crushed by meteorite), or taxidermied animals in absurd scenarios. His ""sculptures"" critique institutions via shock, irony, and readymades—high auction prices ($120K+ for Comedian remnants) but often dismissed as stunts.

### Head-to-Head Comparison
| Criterion          | Unkei Wins Because... | Cattelan Wins Because... | Edge |
|--------------------|-----------------------|---------------------------|------|
| **Technical Mastery** | Virtuoso wood sculptor; hand-carved massive, polychromed statues with hyper-real details (e.g., veins, muscles) enduring centuries outdoors. Peak craft. | Relies on fabrication, taxidermy, or found objects; minimal carving skill shown. | **Unkei** |
| **Innovation**     | Pioneered realistic portraiture in religious sculpture, breaking Heian-era stylization—timeless shift. | Master of conceptual trolling; banana stunt exposed art-market absurdity. | Tie (different eras) |
| **Cultural Impact**| Shaped Japanese Buddhist iconography; works are sacred pilgrimage sites, studied globally. | Dominates headlines/auctions; satirizes power (Vatican, capitalism). But ephemeral—will a banana outlast a Niō? | **Unkei** |
| **Influence/Legacy**| Direct lineage in Asian sculpture; revered as divine artisan (honored in temples). | Influences meme-art, post-Duchamp provocateurs; Venice Biennale star, but polarizing (e.g., critics call it ""emperor's new clothes""). | **Unkei** |
| **Endurance**      | 800-year legacy; statues survive earthquakes, wars. | 30-year career; hype-driven (prices crash post-hype?). | **Unkei** |

### Why Unkei?
""Greatness"" in sculpture traditionally favors transformative craft and permanence—Unkei's statues are engineering marvels *and* spiritual pinnacles, demanding insane skill in a pre-industrial era. Cattelan is a brilliant *performer/artist*, but his output leans gimmick over chisel mastery; it's more gallery prank than eternal monument. If ""sculptor"" means raw sculptural genius (à la Michelangelo or Rodin), Unkei crushes. Cattelan shines in postmodern critique, but that's a different game.

Subjective? Sure—love Cattelan's chaos? Flip it. But on pure sculptor creds, Unkei towers. See his Kōfuku-ji works if you can; they're humbling.",2026-03-14T19:17:00.003324
Beauty,"Which building is more beautiful, Angkor Wat, or the Nancy Pelosi Federal Building?","**Angkor Wat is unequivocally more beautiful.**

### Quick Comparison:
| Aspect              | Angkor Wat (Cambodia, 12th century) | Nancy Pelosi Federal Building (San Francisco, 2007) |
|---------------------|-------------------------------------|----------------------------------------------------|
| **Architectural Style** | Khmer temple complex with intricate bas-reliefs, five lotus-bud towers, galleries, and a vast moat—blending symmetry, scale, and spiritual symbolism. | Modernist perforated metal screen over glass/steel frame; functional, earthquake-resistant design by Thom Mayne. |
| **Visual Impact**   | Stunning at dawn/dusk with water reflections; UNESCO site, one of the world's most photographed structures. | Angular, industrial aesthetic; innovative but often described as ""brutalist-lite"" or polarizing (e.g., some call it a ""parking garage""). |
| **Scale & Craftsmanship** | 162 hectares, hand-carved sandstone details from Hindu epics—timeless artistry. | 18 stories, ~300,000 sq ft; high-tech but mass-produced materials. |
| **Global Recognition** | New Seven Wonders contender; draws 2M+ visitors/year for its ethereal beauty. | Local federal offices; renamed in 2023—known more for politics than aesthetics. |

Angkor Wat's enduring grandeur crushes modern utilitarianism here. If beauty = awe-inspiring harmony of form and history, it's no contest. Photos of both confirm it.",2026-03-14T19:17:00.003360
Beauty,"Which is the more profound artistic creation, a Tibetan thangka or a Jeff Wall creation?","### Defining Profundity in Art
To compare the profundity of a Tibetan *thangka* and a Jeff Wall creation, we first need a working definition. Profundity here means depth of meaning—encompassing spiritual resonance, cultural/historical weight, technical mastery, emotional or intellectual impact, and enduring influence on human experience. It's inherently subjective, shaped by one's worldview (e.g., spiritual vs. secular), but we can analyze objectively through key lenses.

### Tibetan Thangka: Spiritual and Cosmological Depth
- **Essence**: Thangkas are intricate, hand-painted scrolls (typically on cotton or silk, mounted on brocade) from Tibetan Buddhist traditions, dating back to at least the 11th century. They depict deities, mandalas, enlightened beings, or cosmological diagrams (e.g., the *Kalachakra* wheel of time).
- **Profundity factors**:
  | Aspect | Why Profound |
  |--------|-------------|
  | **Spiritual/Existential** | Encode entire philosophies of enlightenment, karma, and impermanence. Used in meditation, they serve as ""windows to the divine,"" guiding practitioners toward transcendence. A single thangka like the *Wheel of Life* distills samsara's cycles into visual poetry. |
  | **Cultural/Historical** | Rooted in Vajrayana Buddhism, surviving invasions, exile, and globalization. Crafted by monks/lamas over months/years with mineral pigments, gold, and ritual consecration (*rabne*). Represents millennia of Indo-Tibetan wisdom. |
  | **Technical/Artistic** | Symmetrical perfection via grids; symbolic color codes (e.g., blue for space). Fragile yet eternal—unrolled for rituals, rerolled for preservation. |
  | **Impact** | Transforms viewers: not mere decoration, but a tool for awakening. Influences global mindfulness movements today. |

Thangkas feel *profoundly eternal*, like a microcosm of the universe, demanding reverence.

### Jeff Wall: Conceptual and Cinematic Profundity
- **Essence**: Canadian photographer (b. 1946) creates monumental, digitally manipulated tableaux vivants—staged scenes printed as backlit transparencies (e.g., *A Sudden Gust of Wind (after Hokusai)*, 1993, or *Mimic*, 1982). Blends photography, painting, and cinema.
- **Profundity factors**:
  | Aspect | Why Profound |
  |--------|-------------|
  | **Intellectual/Conceptual** | Probes alienation, power dynamics, and the mundane sublime. *Mimic* captures micro-aggressions (a man mocking an Indigenous woman); *Picture for Women* (1979) deconstructs the gaze like Manet. References art history (Hokusai, Manet, Vermeer) in postmodern dialogue. |
  | **Cultural/Historical** | Redefines photography as ""near documentary"" fiction since the 1970s. Critiques consumer capitalism and urban isolation in a post-medium age. |
  | **Technical/Artistic** | Labor-intensive: scouts locations, casts actors, stages with lighting/perfectionism rivaling film. Massive scale (up to 5m wide) immerses like cinema, blurring reality/illusion. |
  | **Impact** | Intellectually jolts viewers into questioning perception. Heralded in museums (MoMA, Tate); influences digital art/ NFTs. |

Wall's work is *profoundly contemporary*, dissecting the human condition in our image-saturated era with surgical precision.

### Head-to-Head: Which Wins?
- **Thangka edges out in raw depth**: Its profundity is multidimensional—spiritual, ritualistic, and civilizational. It doesn't just *represent* truth; it *embodies* it, consecrated and alive in practice. Wall's pieces, brilliant as they are, operate in a secular, ironic mode: profound commentary, but often observational rather than transformative. A thangka might alter your soul; Wall's might sharpen your mind.
- **Wall shines in innovation**: If profundity = novelty + critique, Wall's fusion of mediums and social acuity feels fresher in a globalized world. Thangkas innovate within sacred constraints; Wall explodes them.
- **Subjective Verdict**: **The Tibetan thangka is more profound overall**. It carries the weight of eternal human striving toward the ineffable, outlasting trends. Wall's creations are masterful but tethered to 20th-century Western discourse—profound ripples in a pond vs. thangka's ocean. That said, view a *Thangka of Shakyamuni* beside *After ""Invisible Man"" by Ralph Ellison, ""The Preface""* (1999), and your soul might disagree.

Ultimately, profundity blooms in encounter. Seek both: a thangka in a Himalayan monastery, Wall at a gallery. Art's power isn't zero-sum. What draws *you* deeper?",2026-03-14T19:17:00.003394
Beauty,"Who shows greater artistic achievement, Nandalal Bose or Barbara Kruger?","**Nandalal Bose demonstrates greater artistic achievement than Barbara Kruger**, though this judgment is inherently subjective and depends on metrics like cultural impact, innovation in context, technical versatility, and enduring legacy. Below, I'll break down the comparison with evidence from their careers, influences, and receptions to explain my reasoning.

### 1. **Background and Style**
   - **Nandalal Bose (1882–1966)**: A foundational figure in modern Indian art, Bose was a protégé of Abanindranath Tagore and a key exponent of the Bengal School. His work fused Indian folk traditions, Mughal miniatures, Japanese wash techniques, and Western modernism into a uniquely nationalist aesthetic. Examples include his iconic illustrations for the Indian Constitution (1949–50), Haripura Congress posters (1938), and paintings like *Sati at Mahut Bandhula* (watercolor on paper), which blend lyrical lines, earthy palettes, and symbolic depth.
   - **Barbara Kruger (b. 1945)**: A conceptual artist known for appropriation art—large-scale photomontages with overlaid sans-serif text (often Futura Bold Italic in white on red). Works like *Untitled (I shop therefore I am)* (1987) or *Your body is a battleground* (1989) critique consumerism, patriarchy, and power via advertising parody. Her style is graphic, immediate, and meme-like.

   **Edge: Bose**. His technical mastery across media (watercolor, tempera, fresco) and stylistic synthesis required profound skill, while Kruger's relies on appropriation and design principles borrowed from commercial graphics.

### 2. **Innovation and Influence**
   - **Bose**: Revolutionized Indian art by rejecting colonial academicism, reviving indigenous forms, and integrating them with global modernism. He founded Kala Bhavana (Institute of Fine Arts) at Visva-Bharati University in 1925, training generations of artists (e.g., Satish Gujral, Ram Kinkar Baij). His art fueled India's independence movement—Gandhi called him ""the best artist in the country."" Globally, he influenced Pan-Asian modernism.
   - **Kruger**: Pioneered text-image critique in postmodernism, impacting feminist art, street art (e.g., her Obama posters), and graphic design. Her influence is seen in artists like Jenny Holzer or Shepard Fairey, and her work permeates pop culture (e.g., Untitled projects in fashion like her Louis Vuitton collab).

   **Edge: Bose**. Kruger's innovations, while sharp, operate in a saturated Western contemporary niche (appropriation art post-Warhol). Bose decolonized an entire national art tradition, creating a school that persists (e.g., Santiniketan alumni dominate Indian art history).

### 3. **Cultural and Institutional Impact**
   | Aspect              | Nandalal Bose                          | Barbara Kruger                        |
   |---------------------|----------------------------------------|---------------------------------------|
   | **Awards/Honors**  | Padma Vibhushan (1954), Fellow of Lalit Kala Akademi | Golden Lion nominee (Venice Biennale), retrospectives at MoMA/Guggenheim |
   | **Public Commissions** | Illustrated Indian Constitution; Congress murals | Political posters (e.g., pro-choice campaigns) |
   | **Legacy Institutions** | Founded Kala Bhavana; shaped NGMA collections | Influences LACMA/MoMA; commercial collabs |
   | **Global Reach**   | Pan-Asian; UNESCO-recognized Santiniketan | Western-centric; viral in media/advertising |

   **Edge: Bose**. His work embedded in India's civic fabric (Constitution illuminations viewed by millions) has broader, more structural impact than Kruger's gallery/museum circuit and merchandise.

### 4. **Critiques and Limitations**
   - Bose: Sometimes critiqued for romantic nationalism, but his evolution (e.g., abstract experiments post-1940s) shows adaptability.
   - Kruger: Accused of commodifying critique (ironic given her themes) and stylistic repetition over 40+ years.

### Conclusion
Bose's achievement is ""greater"" because he built *from the ground up*—pioneering a modern national idiom amid colonialism, educating artists, and embedding art in statecraft. This transformative scope eclipses Kruger's incisive but narrower provocations in a post-industrial, media-saturated West. If prioritizing raw cultural disruption or commercial ubiquity, Kruger edges out; for holistic mastery and legacy, Bose prevails. For deeper dives, see Bose's *Vision and Creation* (Tagore's foreword) or Kruger's *Remote Control* monograph. What's your metric for ""achievement""?",2026-03-14T19:17:00.003427
Beauty,"Who is a greater architext, Imhotep or Erno Goldfinger","**Imhotep is the greater architect.**

### Key Comparison
To evaluate ""greatness,"" I'll use objective criteria: innovation, historical impact, enduring legacy, and influence on the field. Both were brilliant in their eras, but the scale differs dramatically.

#### Imhotep (c. 2650 BCE, Ancient Egypt)
- **Pioneering Innovation**: First known architect in history (named in records). Designed the **Step Pyramid of Djoser** at Saqqara—the world's oldest large-scale stone monument and precursor to the pyramids of Giza. Transformed flat mastaba tombs into a six-stepped mega-structure (60m tall, 120m x 109m base), using precise limestone masonry.
- **Historical Impact**: Revolutionized Egyptian funerary architecture, enabling the true pyramids (e.g., Khufu's Great Pyramid). Polymath: architect, physician, high priest, and chancellor. Deified as a god of wisdom and healing.
- **Legacy**: UNESCO World Heritage site. Influenced architecture for 4,500+ years. Symbol of human ingenuity from the Old Kingdom.
- **Evidence**: Pyramid texts and inscriptions credit him directly; no prior architect is documented.

#### Erno Goldfinger (1902–1987, Modernist Architect)
- **Innovation**: Brutalist/Modernist high-rises like **Trellick Tower** (1972, London)—a 31-story slab with a distinctive service tower—and the Goldfinger Flats (1960s). Emphasized concrete, functionality, and urban density.
- **Historical Impact**: Advanced post-WWII social housing in Britain. Controversial (initial vandalism/decline at Trellick), but later Grade II* listed for its bold engineering.
- **Legacy**: Influential in 20th-century urbanism, but polarizing. Inspired Ian Fleming's James Bond villain (due to a planning dispute). Work is admired niche (e.g., by architects like Norman Foster) but not foundational.
- **Evidence**: Built ~20 major projects; praised in books like *Modern Buildings of London*.

### Why Imhotep Wins
| Criterion          | Imhotep                          | Erno Goldfinger                  |
|--------------------|----------------------------------|----------------------------------|
| **Innovation**    | Invented pyramid form            | Refined high-rise Brutalism      |
| **Scale of Impact**| Shaped global architecture history| UK housing (1960s–70s focus)     |
| **Endurance**     | 4,500+ years; still studied      | 50 years; some buildings listed  |
| **Recognition**   | First named architect; deified   | Notable but secondary Modernist  |

Imhotep laid architecture's bedrock—without him, no pyramids, no Vitruvius, arguably no modern feats like the Burj Khalifa. Goldfinger was talented but built on millennia of precedents. If ""greatest"" means transformative genius, Imhotep is unmatched.

For deeper dives: Read *Imhotep: Architect of Ancient Egypt* by Jean-Pierre Houdin or visit Saqqara. Goldfinger? Check Pevsner's architectural guides.",2026-03-14T19:17:00.003461
Beauty,"Which building is more beautiful, the Shah Mosque of Isfahan or the Centre Pompidou?","**Beauty is notoriously subjective**, hinging on personal taste, cultural context, and what one values in architecture—timeless harmony or bold disruption. But let's break it down objectively with facts, then I'll pick a winner.

### Shah Mosque (Imam Mosque), Isfahan, Iran (1611–1638)
- **Style**: Safavid Persian/Islamic architecture at its zenith. A UNESCO World Heritage site within the Naqsh-e Jahan Square.
- **Standouts**: Perfect symmetry with four massive iwans (vaulted halls), a 32m-high dome sheathed in iridescent turquoise tiles that shift hues with the light. Intricate muqarnas (honeycomb vaulting), floral arabesques, and calligraphy cover every surface. The acoustic engineering makes prayers echo divinely from the mihrab.
- **Why beautiful?** It achieves *unity in complexity*—every tile, arch, and pool in the courtyard feels deliberate, evoking serenity and infinity. It's a spiritual and visual symphony, unchanged for 400 years.

![Shah Mosque](https://upload.wikimedia.org/wikipedia/commons/thumb/3/3d/Imam_Mosque_Isfahan.jpg/800px-Imam_Mosque_Isfahan.jpg) *(Imagine the dome's glow at sunset—pure magic.)*

### Centre Pompidou, Paris, France (1971–1977)
- **Style**: High-tech modernism by Renzo Piano and Richard Rogers. Europe's largest modern art museum.
- **Standouts**: ""Inside-out"" design exposes escalators, pipes, and ducts on the facade (color-coded: blue for AC, green for water, yellow for electrics, red for circulation). Giant glass walls, a sloping plaza, and a rooftop view of Paris.
- **Why beautiful?** It's *audaciously functional*—a machine for culture in a city of stone. The transparency and playfulness shocked Paris in the '70s (nicknamed ""Beaubourg oil refinery""), but it redefined urban landmarks, sparking regeneration.

![Centre Pompidou](https://upload.wikimedia.org/wikipedia/commons/thumb/3/3a/Centre_Pompidou_%28exterieur%29.jpg/800px-Centre_Pompidou_%28exterieur%29.jpg) *(Exoskeleton vibes—like a spaceship crashed into Haussmann's Paris.)*

### Head-to-Head
| Aspect          | Shah Mosque                  | Centre Pompidou              | Edge To?     |
|-----------------|------------------------------|------------------------------|--------------|
| **Harmony**    | Flawless proportions, colors blend sky/water. | Chaotic pipes; genius or eyesore? | Shah        |
| **Innovation** | Mastered ancient techniques (acoustics, tiles). | Revolutionized building-as-sculpture. | Pompidou    |
| **Context**    | Enhances sacred square.     | Transforms gritty neighborhood. | Tie         |
| **Timelessness**| Ages like fine wine.        | Iconic but divisive (love/hate). | Shah        |
| **Emotional Pull** | Awe-inspiring peace.     | Energetic buzz.              | Shah        |

**My verdict: The Shah Mosque is more beautiful.** It represents peak human craftsmanship—elegant, enduring, and soul-stirring without gimmicks. Pompidou is brilliant and fun (I'd grab a coffee there), but its beauty feels more intellectual than visceral, like comparing a Persian carpet to a neon sign. If you crave intricate perfection over industrial chic, Isfahan wins.

What's your take? Seen either in person?",2026-03-14T19:17:00.003496
